Sequence,Antibacterial
AAANPGLLETSEGCRQIL,0
AAAPAATLEEHMTACQGV,0
AACARFIDDFCDTLTPNIYRPRDNGQRCYAVNGHRCDFTVFNTNNGGNPIRASTPNCKTVLRTAANRCPTGGRGKINPNAPFLFAIDPNDGDCSTNF,0
AAHLIDALYAEFLGGRVLTTPVVHRALFYASAVLRQPFLAGVPSA,0
AALPPGFTPFR,0
AAPCFCSGKPGRGDLWILRGTCPGGYGYTSNCYKWPNICCYPH,0
AAWWAGIKQEF,0
ACAWAGIKQEF,0
ACGWAGIKQEF,0
ACWAAGIKQEF,0
ACWGAGIKQEF,0
ACWWAAIKQEF,0
ACWWAGIAQEF,0
ACWWAGIKAEF,0
ACWWAGIKQAF,0
ACWWAGIKQEA,0
ACWWAGIRQEF,0
AEAIPMSIPPEVKFNKPFVF,0
AEGIGALFLGFLGAAGSTMGARSMTLTVQARQL,0
AGERIVDIIATDIQ,0
AGVEAIIRILQQLLF,0
AIPCGQVNSALASCVSYAKGSGASPPGACCSGVRRLAGLARSTADKQAACRCIKSAAGGLNPGKAASIPSKCGVSIPYSISASVDCSKIH,0
AKYTGKCTKSKNECKYKNDAGKDTFIKCPKFDNKKCTKDNNKCTVDTYNNAVDCD,0
ALFKIMNKIADSL,0
ALGPAAAAAEMMTACQGV,0
ALGPAATLEEMMAAAQGV,0
ALGPAATLEEMMTACAAA,0
ANFEIVNNCPYTVWAAASPGGGRRLDRGQT,0
ANGSRIPTGERVWDRGNVTL,0
ANPDCKTILKALGPAATLEEMMTAC,0
ANRETKLGKAGYVTNRGRQK,0
ANSVACRDGLRAQAECRNTTHLLQRQLTRTQDSLLQAETQANSCNLTVVTLQESLEKKVSQALEQQARIKELENEVTKLNQELENLRIQKETSSTVQVN,0
APMGSDPPTACCASYTARKLPRNFVVDYYETSSLCSQPAVVFQTKRSKQVCADPSESWVQEYVYDLELN,0
APPGARPPPGPPPPGPPPPGP,0
ARCENFADSYRQPPISSSQT,0
ASCDKCQLKGEAMHG,0
ATCKAECPTWDSVCINKKPCVACCKKAKFSDGHCSKILRRCLCTKEC,0
ATFNFINNCPFTVWAAAVPG,0
ATFTIRNNCPYTIWAAAVPGGGRRLNSGGTWTINVAPGTA,0
ATGQETAYFLLKLAGKA,0
ATITVVNRCSYTVWPGALPGGGVRLDPGQRWALNMPAGTAGAAV,0
AVSCGDVTSSIAPCLSYVMGRESSPSSSCCSGVRTLNGKASSSADRRTACSCLKNMASSFRNLNMGNAASIPSKCGVSVAFPISTSVDCSKIN,0
AWVPAHKGIGGNEQ,0
AYSKTFLLVGLLFAVVLILSSEVSARDLAETSQTQVSVEDAKYGGYGRGYGHGKGHGYQKGHGHGKPGHGGPGHPPGHGGAGEAVEEGTQN,0
CDSCERCWYVWLILLRVRLRLLVSL,0
CDVIALLCHLNT,0
CGECGGGHIVGRFCMVVRFLRLVFI,0
CGESCAMISFCFTEVIGCSCKNKVCYLNSIS,0
CGESCVFIPCITSVAGCSCKSKVCYRNGIP,0
CGESCVFIPCITTVLGCSCSIKVCYKNGSIP,0
CGETCFTGTCYTNGCTCDPWPVCTRNGLPV,0
CGETCLLGTCYTTGCTCNKYRVCTKDGSVLN,0
CGTCVRDCWPETGSVRFPFH,0
CIANRNGCQPDGSQGNCCSGYCHKEPGWVAGYCR,0
CPAIQRCCQQLRNIQPPCRCCQ,0
CRANGSRIPTGERVWDRGNV,0
CRCCELKSLCPTLMRVVRLLGLVLL,0
CSCRANGSRIPTGERVWDRG,0
CTLNFPISPIETVPVKLKPG,0
CTMCRYQQNCFTRRLIVGGMLLVFV,0
DCCRKPFRKHCWDCTAGTPYYGYSTRNIFGCTC,0
DCPNGPWVWVPAFCQAVGWG,0
DFLEENITALLEEAQIQQEKNMYELQKLNSWDVFG,0
DFWEVQLGIPHPAGLKKKKS,0
DKLIGSCVWGAVNYTRNCNAECKRRGYKGGHCGSFANVNCWCET,0
DLEAVPFVNRTTPFTIRGPL,0
DLYVGSDLEIGQHRTKIEEL,0
DQAEHLKTAVQMAVFIHNYKA,0
DVKQLTEAVQKITTESI,0
DWHLGQGVSIEWRKK,0
DWLKAFYDKVAEKLKEAF,0
DWLRIIWDWVCSVVSDFK,0
EAEEDGDLQCLCVKTTSQVRPRHITSLEVIKAGPHCPTAQLIATLKNGRKICLDLQAPLYKKIIKKLLES,0
EALAKAAEALAKAAEALAKAAEALAKAAWASLWNWF,0
EAVRHFPRIWLHSLG,0
EEAAKKLEEAAKKLEEAAKKLEEAAKKLWASLWNWF,0
EELAKKAEELAKKAEELAKKAEELAKKAWASLWNWF,0
EEYTKKIEEYTKKIEEYTKKIEEYTKKIWASLWNWF,0
EGRERDHELRHRRHHHQSPKSHFELPHYPGLLAHQKPFIRKSYKCLHKRCR,0
EICTEMEKEGKISKIGPENP,0
EINCTRPNNNTRKSIHIGPGRAFYTTGEIIGDIRQAHCNIS,0
EINCTRPNNNTRKSIRIQRGPGRAFVTIGKIGNMRQAHCNIS,0
ELCEKASQTWSGTCGKTKHCDDQCKSWEGAAHGACHVRDGKHMCFCYFNC,0
ELKNEAVRHFPRIWL,0
ELSEWGVPCVTCILDRRPAS,0
ELVNQIIEQLIKKEKVYLAW,0
EPDSVSIPITCCFNVINRKIPIQRLESYTRITNIQCPKEAVIFKTQRGKEVCADPKERWVRDSMKHLDQIFQNLKP,0
EQCGRQAGGKLCPNNLCCSQWGWCGSTDEYCSPDHNCQSNCKD,0
EQCGRQAGGKLCPNNLCCSQYGWCGSSDDYCSPSKNCQSNCKGGG,0
EQIWNNMTWMEWDREINNYTSLIHSLIEESQNQQEK,0
EQPGGDKVNLGYFTN,0
EQVDKLVSAGIRKVLFLDGI,0
ERKVDFLEENITALLEEAQIQQEKNMYELQKLNSW,0
ESELVSQIIEQLIKK,0
ESGINLQGDATLANN,0
ESVKITCARPYQNTRQRTPIGLGQSLYTTRSRSIIGQAHCNIS,0
ESVVINCTRPNNNTRRRLSIGPGRAFYARRNIIGDIRQAHCNIS,0
ETGSVRFPFHRCGTGPRLTK,0
ETVPVKLKPGMDGPKVKQWP,0
ETWETWWTEYWQATWIPEWE,0
EWEPVQNGGSSYYMVPRIWA,0
EWRKKRYSTQV,0
EWTLELLEELKNEAV,0
EWYNQTKDLQQKFYEIIMDIEQNNVQGKKGIQQLQ,0
FAVNPGLLEAAAGCRQIL,0
FAVNPGLLETSEAAAQIL,0
FCQAVGWGDPITHWSHGQNQ,0
FCTCNVKGFNAKNKRGIIYP,0
FDLGGLIKGVVDLF,0
FEPIPIHYCAFPGF,0
FIGSALKVLAGVLPSIVSWVKQ,0
FIHFRIGCQHSRIGI,0
FLSLIPTAINAVSALAKHF,0
FSVPLDEDFRKYTAFTIPSI,0
FWNWLSAWIKKTYEEIKKTYEEIKKTYEEIERDWEMV,0
FWSFLVKAASKILPSLIGGGDDNKSSS,0
GADFQECMKEHSQKQHQHQG,0
GAETFYVDGAANRETKLGKA,0
GAFLKCGESCVYLPCLTTVVGCSCQNSVCYRD,0
GAKTETLVIPETELEAC,0
GAPASVLGSRPFDYGLKWQS,0
GAVPCGETCVYLPCITPDIGCSCQNKVCYRD,0
GERVWDRGNVTLLCDCPNGP,0
GFGSKPIDSFGLSWL,0
GFLDIIEKIAKSW,0
GFNEIVQDIEDFLQNLV,0
GFPCGESCVFIPCISAAIGCSCKNKVCYRN,0
GGAGLTGGFYEPLVRRC,0
GGKPDLRPCHPPCHYIPRPKPR,0
GGTIFDCGESCFLGTCYTAGCSCGNWGLCYGTN,0
GGTIFDCGETCFLGTCYTPGCSCGNYGFCYGTN,0
GHHPHGHHPHGHHPHGHHHPH,0
GHKARVLAEAMSQVTNPATIM,0
GHRRYFTFGGGYVYF,0
GIADILKGLLG,0
GIFDKLAKEISIW,0
GIIDIAKKLFESW,0
GIKEFKREFQRIKDFLRNLV,0
GIKEWKRIVQRIKDFLRNLV,0
GIPCAESCVWIPCTVTAIVGCSCSDKVCYN,0
GIPCAESCVWIPCTVTALIGCGCSNKVCYN,0
GIPCAESCVWIPCTVTALLGCSCSNNVCYN,0
GIPCGESCVFIPCLTTVAGCSCKNKVCYRN,0
GIWSDLAEIIKKF,0
GKKYRRFRWKFKFGKWFWFG,0
GLLPCAESCVYIPCLTTVIGCSCKSKVCYKN,0
GLPICGETCVGGSCNTPGCSCSWPVCTRN,0
GLPLCGETCVGGTCNTPGCSCGWPVCVRN,0
GLPVCGETCFGGRCNTPGCTCSYPICTRN,0
GLPVCGETCFGGTCNTPGCICDPWPVCTRN,0
GLPVCGETCFGGTCNTPGCSCETWPVCSRN,0
GLPVCGETCFTGTCYTNGCTCDPWPVCTRN,0
GLPVCGETCVGGTCNTPGCSCSRPVCTAN,0
GLRRLLGRLLRRLGRLLLR,0
GLRSRIWLWVLLMIWQESNRFKRM,0
GLTGGFYEPLVRRCSELMGR,0
GLWEKIDKFASII,0
GNQGRGNPVRSPLGFGSYTM,0
GPQREPYNEWTLELL,0
GPWVWVPAFCQAVGWGDPIT,0
GRFKRFRKPFKKLFKKIS,0
GRFKRIRKKLKKLFKKIS,0
GRWPVKTIHTDNGSNFTGAT,0
GSCGAPISKYDFQVLAKRPPPCRRPRLENTEDVTHTTRP,0
GSCGASIAEFNSSQILAKRAPPCRRPRLQNSEDVTHTTLP,0
GSGPTYCWNEANNPGGPNRCSNNKQCDGARTCSSSGFCQGTSRKPDPGPKGPTYCWDEAKNPGGPNRCSNSKQCDGARTCSSSGFCQGTAGHAAA,0
GSIPACGESCFKGKCYTPGCSCSKYPLCAKN,0
GSRIPTGERVWDRGNVTLLC,0
GSVFNCGETCVLGTCYTPGCTCNTYRVCTKD,0
GSVLNCGETCLLGTCYTTGCTCNKYRVCTKD,0
GTACGESCYVLPCFTVGCTCTSSQCFKN,0
GTKAATEVIPLTC,0
GTKAWTEVWPLC,0
GTKWATEWAPLTAEAEC,0
GTKWLTEVWPLC,0
GTKWLTEWIPLTAEAEC,0
GTSCGETCVLLPCLSSVLGCTCQNKRCYKD,0
GVFVFNGTSWFITQRNFFS,0
GVGYKVVVTTTAAADDDDVV,0
GVPCGESCVFIPCITGVIGCSCSSNVCYLN,0
GVPICGETCTLGTCYTAGCSCSWPVCTRN,0
GWFDIIKKIASEL,0
GYFVQDDGEWKFTGSSYYY,0
GYHLMSFPQAAPHGVVFLHVTW,0
HFPRIWLHSLGQHIY,0
HGQVDCSPGIWQLDCTH,0
HPAGLKKKKSVTVLDVGDAY,0
HWSHGQNQWPLSCPQYVYGS,0
IAEIQKQGQGQWTYQIYQEP,0
IFKAIWSGIKRLC,0
IGITQQRRARNGASR,0
IGLKVEAMEKFLYTAFAMQE,0
IGNIPQYLKGLLGGILGIGL,0
IKKEIEAIKKEQEAIKKKIEAIEKEIEAQQHLLQLTVWGIKQLQARILAVERY,0
IKKEIEAIKKEQEAIKKKIEAIEKEISGIVQQQNNLLRAIEAQQHLLQLTVWGIKQLQARIL,0
IKKEKVYLAWVPAHKGIGN,0
IKKTYEEIKKTYEEIKKTYEEIKKTYEEIERDWEMV,0
IKKTYEEIKKTYEEIKKTYEEIKKTYEEIKKTYEE,0
ILGKFCDEIKRIV,0
ILGPVLGLVSRTLRRVLGIL,0
ILPWKWPWWPWPP,0
INWDILIDTIKDKL,0
IPLRGAFINGRWDSQCHRFSNGAIACA,0
IQAQPDKSESELVSQ,0
IQAQPDQSESELVNQIIEQL,0
IRKVLFLDGIDKAQDEHEKY,0
ISCQDVKQSLAPCLPYVTGRAPKPA,0
ITCGLVASKLAPCIGYLQGAPGPSAACCGGIKSLNSAAASPADRKTACTCLKSAATSIKGINYGKAASLPRQCGVSVPYAISPNTNCNAIH,0
ITCNDVTGNLTPCLPYLRSGGKPTPACCAGAKKLLGATRTQADRRTACKCAKTAAPQLKVRPDMASSLPGKCGISTSIPINPNVNCNTIP,0
ITCQQVTSELGPCVPYLTGQGIP,0
ITFEDLLDYYGP,0
ITTYWGLHTGERDWHL,0
IVHVTAKDKGTGKENTIRIQEGSGLSKEDIDRMIKDAEAH,0
IWLHSLGQHIYETYG,0
KACPRNCDTDIAYMVCPSSGERIIRKVCTNCCAAQKGCKLFRSNGSIKCTGT,0
KCPTPAIEPPTGTFGFFPGV,0
KCQLKGEAMHGQVDC,0
KDSTKWRKLVDFRELNKRTQ,0
KFDSLVECIWDWIDRLWS,0
KGEAMHGQVDCSPGIWQLDC,0
KGLSGPAVPWWVV,0
KGLSGPCGWWVWSRGSGK,0
KGLSGPESRWWVV,0
KGLSGPFCSWWWV,0
KGLSGPQGSWWVV,0
KGLSGPRYVWWLV,0
KGLSGPSIRWWLV,0
KGLSGPSWWLFCV,0
KGLSGPTAWWVVV,0
KGLSGPTVQWWVV,0
KGLSGPWCRWWLV,0
KGSPAIFQSSMTKIL,0
KICERASGTWKGICIHSNDCNNQCVKWENAGSGSCHYQFPNYMCFCYFDC,0
KILEPFRKQNPDIVIYQYMD,0
KIMAKPSKFYEQLRGR,0
KIPCGESCVWIPCVTSIFNCKCKENKVCYHD,0
KISKIGPENPYNTPVFAIKK,0
KPKQIKPPLPSV,0
KQLTEAVQKITTESIVIWGK,0
KQQLATEAESAGPIL,0
KRDPQQREYEDCRRRCEQQEPRQQHQCQLRCREQQRQHGRGGDMMNPQRGGSGRYEEGEEEQS,0
KRSKLLLGIGILVLLIIVILGVPLIIFTIKKKKKK,0
KSCCKNTTGRNIYNTCRFAGGSRERCAKLSGCKIISASTCPSDYPK,0
KSCCPNTTGRNIYNTCRFGGGSREVCARISGCKIISASTCPSDYPK,0
KSCCPSTTARNIYNTCRLTGASRSVCASLSGCKIISGSTCDSGWNH,0
KSCCPTTTARNIYNTCRFGGGSRPVCAKLSGCKIISGTKCDSGWNH,0
KSCCRSTLGRNCYNLCRVRGAQKLCANACRCKLTSGLKCPSSFPK,0
KTCENLSGTFKGPCIPDGNCNKHCRNNEHLLSGRCRDDFRCWCTNRC,0
KTELQAIYLALQDSGLEVNI,0
KVCYRAIPCGESCVWIPCISAAIGCSCKN,0
KVINPEPIVEPFMSKPFALF,0
KWLCRIWSWISDVLDDFE,0
KYTAFTIPSINNETPGIRYQ,0
LAAIPMSIPPEVKFNKPFVF,0
LCPLDVLQLSSELLDIDGNEVEASRILSDITAFGGIRCPLTVVQSRGIGTIISSPYRFIAEGHPLSLKDMDGWFRVSDDEFNNYK,0
LDSLSFSYNNFEEDD,0
LEAAPMSIPPEVKFNKPFVF,0
LEAIAMSIPPEVKFNKPFVF,0
LEAIPASIPPEVKFNKPFVF,0
LEAIPCSIPPCVAFNKPFVF,0
LEAIPCSIPPCVFFGKPFVF,0
LEAIPMCIPPECAFNKPFVF,0
LEAIPMSAPPEVKFNKPFVF,0
LEAIPMSIAPEVKFNKPFVF,0
LEAIPMSIPAEVKFNKPFVF,0
LEAIPMSIPPAVKFNKPFVF,0
LEAIPMSIPPEAKFNKPFVF,0
LEAIPMSIPPEVAFAKPFVF,0
LEAIPMSIPPEVFFNKPFVF,0
LEAIPMSIPPEVKANKPFVF,0
LEAIPMSIPPEVKFNAPFVF,0
LEAIPMSIPPEVKFNKAFVF,0
LEAIPMSIPPEVKFNKPAVF,0
LEAIPMSIPPEVKFNKPFAF,0
LEAIPMSIPPEVKFNKPFVA,0
LGDARLVITTYWGLHT,0
LGKFSQTCYNSAIQGSVLTSTCERTNGGYNTSSIDLNSVIAAVDGSLKWPSNFIEACRNTQLAGSSELAAECKTAAGQFVSTKINLDDHIANIDGTLKYE,0
LGSSDRDTVVELSEWGVPCV,0
LHRIDLGPPISLERLDVGTNLGNAIAKLEDAKELL,0
LIYAKVECLTTGVRTYVGKQSWPELVGTKGKTAAATIDKENTHVTAVLCPPLTTLAACRTFDFRCDRVRVLINRIGGVVTKTPTVG,0
LLFGKIISRLLGN,0
LLGGILGIGLGVLLLILCLP,0
LMCTHPLDCSN,0
LPLPAPSFHRTT,0
LPRRLHLEPAFLPYSVKAHECC,0
LPSDATLVLDQTGKELDARL,0
LQDSGLEVNIVTDSQYALGI,0
LQQLLFIHFRIGCQH,0
LSCPQYVYGSVSVTCVWGSV,0
LSELDDRADALQAGASQFETSAAKLKRKYWWKN,0
LSSGRPDGFIHVQGHLQEVD,0
LVQPRGPRSGPGPWQGGRRKFRRQRPRLSHKGPMPF,0
MAGRSGDSDEELLKTVRLIKFLYQSNPPPS,0
MDGPKVKQWPLTEEKIKALV,0
MEQAPEDQGPQREPY,0
MINRTDCNENSYLEIHNNEGRDTLCFANAGTMPVAIYGVNWVESGNNVVTLQFQRNLSDPRLETITLQKWGSWNPGHIHEILSIRIY,0
MIQIKFLCLFLAIMTIVVLDSNVAEARDCLSGTFKGPCWAWSGEKCRRLCIEEGRVSGHCSGGSKCWCEGC,0
MKIAFIVAISLAFLAVTSCIEFEKSTESHDIQKRGVTITVKPPFPGCVFYECIANCRSRGYKNGGYCTINGCQCLR,0
MLWSASMRIFASAFSTRGLGTRMLMYCSLPSRCWRK,0
MRPRSRAGDKFMSQGQELCHEYFQLTAPCEKQPCIDMCSSKYKTGKGVCGPAVHQCFCTFSCTV,0
MTWEAWDRAIAEYAARIEALIRAAQEQQEKNEAALREL,0
MTWMAWDRAIANYAALIHALIEAAQNQQEKNEAALLEL,0
NEYHGFVDKANNENKRKKQQGRDDFVVKPNNFANRRRKDDYNENYYDDVDAADVV,0
NHTTWMEWDREINNYTSLIHSLIEESQNQQEKNEQELLELDKWASLWNWFNIKIL,0
NKSLEQIWNNMTWMEWDREINNYTSLIHSLIEESQN,0
NPGLLETSEGCRQILGQLQPSLQT,0
NQQEKNEQELLELDKWASLWNWFNITNWLWLIKIFI,0
NREILKEPVHGVYYDPSKDL,0
NRILPTLIGPL,0
NSMERVEELRKKLQD,0
NTCENLAGSYKGVCFGGCDRHCRTQEGAISGRCRDDFRCWCTKNC,0
NVQGKTGIQQLQKWEDWVRW,0
PAFCQAVGWGDPITHWSHGQ,0
PDKSESELVSQIIEQ,0
PDYLLVPEEVMEYKPRRKRAAI,0
PEDQGPQREPYNEWT,0
PFDYGLKWQSCSCRANGSRI,0
PFLWMGYELHPDKWTVQPIV,0
PGIWQLDCTHLEGKI,0
PKDGPSPGGTLMDLSERQEVSSVRSLSST,0
PNGPWVWVPAFCQAVGWGDP,0
PNPKVFFDMTIGGQSAGRIVMEEYA,0
PPINNCMPLGTEVSEALGGA,0
PQRGEGGRAGNLLREEQEI,0
PRGSPRTEYEAARR,0
PTGERVWDRGNVTLLCDCPN,0
PTTFMLKYDENGTITDAVDC,0
QARQLLSGIVQQQNNLLRAIEAQQHLLQLTVWGIKQLQARILAVERYLKQQ,0
QAVGWGDPITHWSHGQNQWP,0
QDYCAQEGQQEVQRKDLSDLERYLRQSRQR,0
QETAYFLLKLAGRWP,0
QGIGVGDNDGKRGKR,0
QHSRIGITQQRRARN,0
QKIQEIDLQTYLQPQ,0
QKLCARPSGTWSSGNCRNNNACRNFCIKLEKSRHGSCNIPFPSNKCICYFPC,0
QLLIRMIYKNILFYLVPGPGHGAEPERRNIKYL,0
QNNICKTTSKHFKGLCFADSKCRKVCIQEDKFEDGHCSKLQRKCLCTKNC,0
QNPDIVIYQYMDDLY,0
QQCGRQAGNRRCPNNLCCSQFGYCGRTNEYCCTGFGCQSNCRRCG,0
QRQIRSISGWILSTYLGRPAEPVPLQ,0
QSERFEQQMQGQDFSHDERFLSQAA,0
QWGYGGPYGGYGGGYGGGPWGYGGGWRRRHWGGYGGGPWGGYGGGPWGGYYGK,0
QWTYQIYQEPFKNLKTGKYA,0
QYGSFCTQLNRALSGIAAEQ,0
RCGTGPRLTKDLEAVPFVNR,0
RDCESDSHKFHGACFSDTNCANVCQTEGFTAGKCVGVQRHCHCTKDC,0
RDCKSDSHKFHGACFSDTNCANVCQTEGFTRGKCDGIHCHCIKDC,0
RDCRSQSKTFVGLCVSDTNCASVCLTEHFPGGKCDGYRRCFCTKDC,0
RDCTSQSHKFVGLCLSDRNCASVCLTEYFTGGKCDHRRCVCTKGC,0
RDWERREFERRQNELRREQEQRREELL,0
RECKAQGRHGTCFRDANCVQVCEKQAGWSHGDCRAQFKCKCIFEC,0
RECKTESNTFPGICITKPPCRKACISEKFTDGHCSKLLRRCLCTKPCVFDEKMIKTGAETLVEEAKTLAAALLEEEIMDN,0
RECQSQSHRYKGACVHDTNCASVCQTEGFSGGKCVGFRGRCFCTKAC,0
RGILRNWYNPFAGLRQSLEQ,0
RGTKALTEVIPLTEEAEC,0
RICKSRSQKFKGPCVSEDNCANVCHTEGFPDGDCDGLLRRCYCNTHC,0
RICRRRSAGFKGPCVSNKNCAQVCMQEGWGGGNCDGPLRRCKCMRRC,0
RIGCQHSRIGITQQR,0
RIPTGERVWDRGNVTLLCDC,0
RMCKTPSAKFKGYCVSSTNCKNVCRTEGFPTGSCDFHITSRKCYCYKPCP,0
RMKQIEDKIEEIESKQKKIENEIARIKKLIGERY,0
RMKQIEDKIEEIESKQKKIENEIARIKKLLQLTVWGIKQLQARIL,0
RMRGAHTNDVKQLTEAVQKI,0
RNPVCPGYAWLSSGRPDGFI,0
RQHLLRWGLTTPDKKHQKEP,0
RQLKSSRRGALVCVRLKLCSAILSRGLSCGMFSCNARR,0
RQRDPQQQYEQCQKHCQRRETEPRHMQTCQQRCERRYEKEKRKQQKRYEEQQREDEEKYEERMKEEDN,0
RRICRCICGRGICRCICG,0
RRLDRGGVWNLNVNPGTTGARVWARTK,0
RRQRRTSKLMKRGGKLAKLAKKLAKLAK,0
RTCESQSHKFKGPCFSDSNCATVCRTENFPRGQCNQHHVERKCYCERSC,0
RTCESQSHRFHGTCVRESNCASVCQTEGFIGGNCRAFRRRCFCTRNC,0
RTCESQSHRFKGTCVRQSNCAAVCQTEGFHGGNCRGFRRRCFCTKHC,0
RTCQSQSHKFKGACFSDTNCASVCRTENFPRGQCNQHHVERKCYCERDC,0
RVCMGKSQHHSFPCISDRLCSNECVKEDGGWTAGYCHLRYCRCQKAC,0
RVCRRRSAGFKGVCMSDHNCAQVCLQEGYGGGNCDGIMRQCKCIRQC,0
RVWDRGNVTLLCDCPNGPWV,0
RYCERSSGTWSGVCGNSGKCSNQCQRLEGAAHGSCNYVFPAHKCICYYPC,0
SAISCGETCFKFKCYTPRCSCSYPVCK,0
SDYSRKRDPPQKYEEE,0
SGECNMYGRCPPGYCCSKFGYCGGVRAYCG,0
SGIDQEQNNLTRLIEAQIHELQLTQWKIKQLLARILK,0
SGIVQQLNNQLRAEEANQHLEQLSVWGSKQNQARRLK,0
SGIVQQQNNLLRAIEAQQHLLQLTVWGIKQCCGRISGIVQQQNNLLRA,0
SGPNGQCGPGWGGCRGGLCCSQYGYCGSGPKYCAH,0
SGSWLRDIWDWICEVLSDFK,0
SGTKMACPSNRGILRNWYNP,0
SIWRDWVDLICEFLSDWK,0
SKIDVWSLVPVGSASCTIAA,0
SKWQHQQDSCRKQLQGVNLTPCEKHIMEKIQGRGDDDDDDDDD,0
SLGQHIYETYGDTWA,0
SNQGGSPLPRSV,0
SPAIFQSSMTKILEPFRKQN,0
SPLGFGSYTMTKIRDSLHLV,0
SQGVVESMNKELKKIIGQVRDQAEHLKTAY,0
SRSELIVHQRMK,0
SRSELIVHQRRC,0
SSFSPAAPLPPGTKHPCLPLSCPPCPDEECPTCEILPPCELCPEIHIGCDCPFHHSCLCDQPACPPCDFPFGSLINKGGYRG,0
STRTPEDSNSLGT,0
SWETWEREIENYTKQIYKILEESQEQQDRNEKDLLE,0
SWFASTGGRDSKIDVWSLVP,0
SWLDDIWDWICEVLSDFE,0
SWLDRIWRWICKVLSRFE,0
SWLRDIWDWICEVLSDFKTW,0
SWLRDIWDWLCELLSDFK,0
SWLRDLWDWICELLSDFK,0
SWLRDLWDWLCEVLSDFK,0
SWLRDVWDWICTVLTDFK,0
SWLRDVWDWVCTVLSDFK,0
SWLWEVWDWVLHVLSDFK,0
SWRLIDWDWICEVLSDFK,0
SYYHHHHHHLESTSLYKKAGFMENLYFQGMPVGIVIAPKKSPFTAKKPGPVLSGVKAGPG,0
TAYALLKLAGRW,0
TAYFALKLAGRW,0
TAYFLAKLAGRW,0
TAYFLLALAGRW,0
TAYFLLILAGRW,0
TCILDRRPASCGTCVRDCWP,0
TDDRCERMCQHYHDRREKKQCMKGCRYGESD,0
TDIQTKELQKQITKIQNFRV,0
TDVILMCFSIDSPDSLENI,0
TEEAELELAENREILKEPVH,0
TGTFGFFPGVPPINNCMPLG,0
THLEGKVILVAVHVASGYIE,0
TKALTEVIPLTEEAELELAE,0
TKDLQQKFYEIIMDIEQNNVQGKKGIQQLQKWEDW,0
TKGPGRVIYATGQ,0
TKIRDSLHLVKCPTPAIEPP,0
TPDKKHQKEPPFLWMGYELH,0
TPKFKLPIQKETWETWWTEY,0
TRQCRRGRIWKRWNETITGP,0
TTESIVIWGKTPKFKLPIQK,0
TTPFTIRGPLGNQGRGNPVR,0
TTWEAWDRAIAEYAARIEALIRALQELQEKLEAILREL,0
TTWEEWDREINEYTSRIESLIRESQEQQEKNEQELREL,0
TWAGVEAIIRILQQL,0
TWLRAIWDWVCTALTDFK,0
TWQEWERKVDFLEENITALLEEAQIQQEKNMYELQ,0
TYGDTWAGVEAIIRI,0
TYICEVEDQKEE,0
VCGETCFGGTCNTPGCSCTWPICTRDGLP,0
VDGIPVAWDADARAPA,0
VDPDVRAYCKHQCLSTRGDQARKICESVCLRQD,0
VESMNEELKKIIAQVRAQAEHLKTAY,0
VGSASCTIAALGSSDRDTVV,0
VHVGPCDQVCSRIDPEKDECCRAHGYRGHSSCYYGRMECY,0
VKSGHYKGPCYHDENCNGVCRDEGYKSGHCSRWGGACWCDT,0
VKSTGRADDDLAVKTKYLPP,0
VPAHKGIGGNEQVDKLVSAG,0
VRQLCKLLRGTKALTEVIPL,0
VRRCSELMGRRNPVCPGYAW,0
VSVTCVWGSVSWFASTGGRD,0
VTDSQYALGIIQAQPDQSES,0
VTVLDVGDAYFSVPLDEDFR,0
VVTLTDTTNQKTELQAIYLA,0
VYINKLTPPCGTMYYACEAV,0
WASLKIDNLDV,0
WASRELERFAVNPGLLETSEGCRQIL,0
WEEWDRKIEEYTKKIKKLIEESQEQQEKNEKELK,0
WIHAEIKNSLKIDNLDVNRCIEALD,0
WMEWDREIEALAKAAEALAKAAEALAKAAWASLWNWF,0
WMEWDREIEEAAKKLEEAAKKLEEAAKKLEEAAKKL,0
WMEWDREIEEAAKKLEEAAKKLEEAAKKLWASLWNWF,0
WMEWDREIEELAKKAEELAKKAEELAKKAEELAKKA,0
WMEWDREIEELAKKAEELAKKAEELAKKAWASLWNWF,0
WMEWDREIEEYTKKIEEYTKKIEEYTKKIEEYTKKI,0
WMEWDREIEEYTKKIEEYTKKIEEYTKKIWASLWNWF,0
WMEWDREINNYTSLIHSLIEESQNQQEKNEQELLELDKWASLWNWFNITNWLWYIK,0
WMEWEREIDNYTSEIYTLIEESQNQQEKNEQELL,0
WNALKIDNLDV,0
WNSLKADNLDV,0
WNSLKIANLAV,0
WNSLKIDALDV,0
WNSLKIDNADV,0
WNSLKIDNLDA,0
WQCLTLTHRGFVLLTITVLR,0
WQEWEQKITALLEQAQIQQEKNEYELQKLDKWASLWEWF,0
WVPAFCQAVGWGDPITHWSH,0
WVWVPAFCQAVGWGDPITHW,0
WYQLEKEPIVGAETFYVDGA,0
YALLIRMIYKNI,0
YKPRRKRAAIHVMLALATVLSI,0
YKRGGGGWGGGGGWKGGGGGGGGWKGGGGGGKGGGG,0
YNTPVFAIKKKDSTKWRKLV,0
YNVLPQGWKGSPAIFQSSMT,0
YQALIRMIYKNI,0
YQDVNCTDVSTAIHADQLTP,0
YQLAIRMIYKNI,0
YQLLARMIYKNI,0
YQLLIRAIYKNI,0
YQLLIRMAYKNI,0
YQLLIRMIAKNI,0
YQLLIRMIYANI,0
YQLLIRMIYKAI,0
YQLLIRMIYKNA,0
YQLLIRPIYKNI,0
YTSLIHSLIQQSQNQQQKNQQQLLQLDKWASLWNWF,0
YVSGKARGWFYRHHYESPHPRISSEVHIPLGDARLV,0
IATSPYYACNCPNNCKHKKGSGCKYHSGPSDKSKVISGKCEWQGGQLNCIAT,0
ECRSTSYAGAVVNDL,0
GQPEEGAPCQVVLQGA,0
RGILIHNTIFGEQVF,0
YRWRGPTAAFLSLV,0
SSSTSTQVQILSNAL,0
RRLQVGGGTLKFFLT,0
PPLVVPVEESEIIFWDCWAPEE,0
IFWDCWAPEEPACQDFLGAMIH,0
PACQDFLGAMIHLKAKTNISIR,0
LKAKTNISIREGPTLGNWAR,0
SGCANNTCYNVSVIVPDYQC,0
VSVIVPDYQCYLDRVDTWLQ,0
YLDRVDTWLQGKINISLCLT,0
GKINISLCLTGGKMLYNKVT,0
GGKMLYNKVTKQLSYCTDPL,0
KQLSYCTDPLQIPLINYTFG,0
QIPLINYTFGPNQTCMWNTS,0
PNQTCMWNTSQIQDPEIPKC,0
QIQDPEIPKCGWWNQMAYYN,0
GWWNQMAYYNSCKWEEAKVK,0
CKWEEAKVKFHCQRTQSQPGSW,0
FHCQRTQSQPGSWFRAISSWKQ,0
GSWFRAISSWKQRNRWEWRPDF,0
KSKKVKISLPCNSTKNLTFA,0
CNSTKNLTFAMRSSGDYGEV,0
MRSSGDYGEVTGAWIEFGCH,0
TGAWIEFGCHRNKSNLHTEA,0
RNKSNLHTEARFRIRCRWNV,0
RFRIRCRWNVGSDTSLIDTC,0
GSDTSLIDTCGNTPNVSGAN,0
GNTPNVSGANPVDCTMYSNK,0
PVDCTMYSNKMYNCSLQNGF,0
MYNCSLQNGFTMKVDDLIVH,0
TMKVDDLIVHFNMTKAVEMV,0
FNMTKAVEMVNIAGNWSCTS,0
NIAGNWSCTSDLPSSWGYMN,0
VAGLRQSLEQYQVVKQPDYL,0
YQVVKQPDYLLVPEEVMEYK,0
GMVTQYHQVLATHQEAIEKV,0
ATHQEAIEKVTGALKINNLR,0
LVTLEHQVLVIGLKVEAMEK,0
FLYTAFAMQELGCNQNQFFC,0
LGCNQNQFFCKIPLELWTRY,0
KIPLELWTRYNMTINQTIWN,0
NMTINQTIWNHGNITLGEWY,0
GVLLLILCLPTLVDCIRNCI,0
TLVDCIRNCIHKILGYTVIA,0
HKILGYTVIAMPEVEGEEIQ,0
MPEVEGEEIQPQMELRRNGR,0
PQMELRRNGRQCGMSEKEEE,0
PDAVYLHRIDLGPPISLERLDVGTNLGNAIAKLED,0
YTPNDITLNNSVALDPIDISIELNKAKSDLEESKE,0
DLSNQINSINKSLKSAEDWIADSNFFANQARTAK,0
CATCIADHRSHRQMV,0
ISLERLDVGTNLGNAIAKLEDAKELLESSDQILRSM,0
VETTVTTAQETKRGRIQTKK,0
RPETVETTVTTAQETKRGRI,0
VTTAQETKRGRIQTKKEVSI,0
LGRTLAAIKLTQHYFGLLTAFGSNFGTIG,0
SISCSRGLVCLLPRLTNESGNDRFDS,0
GSCDGFRVCYMH,0
VRLGSISVIGIVRGKK,0
RGGSVVIVGRIILSGRK,0
DHILEPSIPWKSKLLTLVQL,0
FAVAVKAVAVKAVAVKAVKKAVKKVKKAVKKAVKKKK,0
FAVGLRAIKRALKKLRRGVRKVAKDL,0
KRKRAVKRVGRRLKKLARKIARLGVAKLAGLRAVKLF,0
GAKKGAKKGKKGAKKGAKGAGAKGAGAFKKKK,0
KKKKFVKKVAKKVKKVAKKVAKVAVAV,0
FLFAFRIFKRVFKKFRKLFKRAF,0
KRKRFAKKFLRFLRKVIRFLKRFIRRF,0
FAIAIKAIKKAIKKIKKAIKKAI,0
FKVKAKVKAKVKAKVKAKKKK,0
PLSPPLRNTHPQAMQWNSTTF,0
PTSNHSPTSCPPTCPGYRWMCLRRF,0
PGGETARKDKFLHMVLPRRL,0
EQVLKAVTNVLSPVFPGGET,0
YVREHGVPIHADKYFEQVLK,0
PPSAVCNYEVAEDPSYVREH,0
QLESLTDRELLLLIARKTCGSVE,0
DDSVVCAAMSYSYA,0
ADLEVVAATYVLVA,0
KKKKVVAGTYVLV,0
KKKKVVAAGYVLV,0
KKKKPVAATYVLV,0
KKKKVPAATYVLV,0
KKKKVVAAPYVLV,0
KKKKVVAPTYVLV,0
KKKKLLLPFLFFV,0
KKKKVVLATLVLV,0
KKKKVLLPFLFFV,0
KKKKLVLPFLFFV,0
KKKKLLAPFLFFV,0
KKKKLLLAFLFFV,0
KKKKLLLPTLFFV,0
KKKKLLAATYVLV,0
KKKKLVLATYVLV,0
KKKKLVAPTYVLV,0
KKKKLVAAFYVLV,0
KKKKLVAATYVFV,0
KKKKLVAATYVLF,0
KKKKVLLATYVLV,0
KKKKVLAPTYVLV,0
KKKKVLAAFYVLV,0
KKKKVLAATLVLV,0
KKKKVLAATYFLV,0
KKKKVLAATYVFV,0
KKKKVVLPTYVLV,0
KKKKVVLAFYVLV,0
KKKKVVLATYVLF,0
KKKKVVAPFYVLV,0
KKKKVVAAFYFLV,0
KKKKVVAAFYVFV,0
KKKKLLLPFYFFF,0
KKKKLLLPFLVFF,0
KKKKVVLPFLFFF,0
KKKKLVAPFLFFF,0
KKKKLLLATLFFF,0
DDDEVVAATYVLVA,0
KKKKVLAPFLFFF,0
KKKKVLLAFLFFF,0
KKKKVLLPFYFFF,0
KKKKVLLPFLLFF,0
KKKKVLLPFLFVF,0
KKKKLVLAFLFFF,0
KKKKLVLPTLFFF,0
KKKKLVLPFYFFF,0
KKKKLVLPFLLFF,0
KKKKLVLPFLFVF,0
KKKKLLAPFLVFF,0
KKKKLLLAFLFLF,0
KKKKLLLPTLVFF,0
KKKKLLLPTLFLF,0
AESTTPCSGSYLKA,0
EDCSTPSSGSFLDR,0
KKKKVVTSTYVLVEA,0
AKDLEVVTSTYVLVEA,0
FDEMEESSSHLPYI,0
FDEMEECSQHLPYA,0
FDEMEECASHLPYA,0
AECVVSCSMSYTKA,0
SEDVVSSSMSYTFT,0
KKKKVAAATYVLV,0
KKKKFVAATYVLV,0
KKKKVTAATYVLV,0
MVDRGWGNHAGLFGKGSIV,0
AWLVHTQWFLDLPLPWLPGADTQGSNWI,0
ATAGWTFGAGAALQIPFAMQMAY,0
AACEVAKNLNESLIDLQELGKYEQYIKW,0
GNHILSLVQNAPYGLYFIHFSW,0
SWRLDIWDWICESVLDFK,0
VLDLIYSLHKQINRGLKKIVL,0
CCFLRIQNDSIIRLGDLQPLSQRVSTDWQ,0
RWMVWRHWFHRLRLPYNPGKNKQNQQWP,0
RQMRAWGQDYQHGGMGYSC,0
EELRVRLASHLRKLRKRLLRDADDLQKRLAVYEEQAQQIRLQAEAFQARLKSWFEPLVEDM,0
CEEIRARLSTHLRKMRKRLMRDADDLQKRLAVY,0
VRLASHLRKLRKRLLRDADDLIRLQAEAFQARLKSWFEPLV,0
CLRKLRKRLLRC,0
FILAFLGWIGAIVSTALP,0
AFLGWIGAIVSTALPQWR,0
GWIGAIVSTALPQWRIYS,0
GAIVSTALPQWRIYSYAG,0
VSTALPQWRIYSYAGDNI,0
ALPQWRIYSYAGDNIVTA,0
AGALMFAWLLLGLQGIFN,0
LLDCWVRLGRYLLRRLKTPFTRL,0
FKLPLGINITNFRAILTAFS,0
VLYNSTFFSTFKCYGVSATK,0
PALNCYWPLNDYGFYTTSGI,0
RDVSDFTDSVRDPKTSEILD,0
SVSVGMKPSPRP,0
QNQSANQFQKEISQINEVLTTTNTSLGKLQDDVNQNNQSLNTLQKE,0
KKKKYRNIRRPG,0
ISGINASVVNIQEEIKKLNEEAKKLNESLIDLQEL,0
IEEINKKVEEIQKKIEELNKKAEELNKKLEELQKK,0
PRPISYLKGSSGGPL,0
TLKPIFKLPLGINITNFR,0
FGGASCCLYCRCHIDHPNPKGFCDLKGKY,0
NCVKMLCTHTGTGQAITVTP,0
HRILMRIRAMMT,0
HRALMRIRQMMT,0
HRIAMRIRQMMT,0
ARILMRIRQMMT,0
HRILMRIRQAMT,0
HRILMRIAQMMT,0
HRILMRIRQMMA,0
HRILMRIRQMAT,0
HRILMRARQMMT,0
HRILARIRQMMT,0
HVTTTFAPPPPR,0
SVVPSKATWGFA,0
FKPSSPPSITLW,0
ALNCYWPLNDYGFYTTTGIGYQPYRVVVLSFEL,0
VNKKIEEIDKKIEELNKKLEELEKKLEEVNKK,0
CANLLLQYGSFCTQLNRALSGIA,0
PSSKRFQPFQQFGRDVSDFT,0
RNTREVFAQVKQMYKTPTLKYFG,0
TKFPSVYAWERKKISNCVAD,0
KGIYQTSNFRVVPSGDVVRF,0
KSNVVRGWVFGSTMNNKSQS,0
TDAVDCSQNPLAELKCSVKSF,0
TSSMRGVYYPDEIFRSDTLYL,0
YNYKYRYLRHGKLRPFERDI,0
IDRLITGRLQSLQTYVTQQLIRAAEIRASANLAATK,0
VYDPLQPELDSFKEELDKYFKNHTSPDVDLGDISGINASVV,0
ELDSFKEELDKYFKNHTSPDVDLGDISGINASVVNIQKEIDRLNEVAKNLNESLIDLQELGKYEQYIK,0
DLSLDFEKLNVTLLDLTYEMNRIQDAIKKLNESYINLKE,0
AYRFNGIQVTQNVLYENQKQIANQFNKAISQIQESLTTTSTALGKLQDVVNQNAQALNTLVKQLSSNFGAISSVLNDILSRLDKVEAEVQIDRLIT,0
KEIDRLNEVAKNLNESLIDLQELGKYEQYIKWPWYVW,0
GIGKFLKKAKKFAKAFVKIINN,0
RKAFRWAWRMLKKAAPSITCVR,0
PLLQATLGGGS,0
HSHRDFQPVLHLVALNSPLSGGMRG,0
MRGIRGADFQAFQQARAVGLAGTFR,0
TFRAFLSSRLQDLYSIVRRADRAAV,0
AAVPIVNLKDELLFPSWEALFSGSE,0
GSEGPLKPGARIFSFDGKDVLRHPT,0
HPTWPQKSVWHGSDPNGRRLTESY,0
ETWRTEAPSATGQASSLLGGRLLGQ,0
LGQSAASAHHAYIVLAIENSFMTASKKK,0
GVGSPYVSRLLGICL,0
PRAWEYWLRLME,0
PRFWEAWLRLME,0
PRFWEYALRLME,0
PRFWEYWLALME,0
PRFWEYWLRAME,0
PRFWEYWLRLAE,0
MTKGDTKVMKCVLEVISDSLSKPSPMPVSPECLETLQGDERILSVLRHQNL,0
EALYNSEDLYEETSDSDD,0
SPPEAAYGPGNTNSDSGDK,0
AQIVKLGGDDGSLAFVPSKISVAAGEAIEFVNNAGFPHNIVFDEDAVPAGVDADAISYDDYLNSKGETVVRKLSTPGVYGVYCEPHAGAGMKMTITVQ,0
RVCMGKSAGFKGLCMRDQNCAQVCLQEGWGGGNCDGVMRQCKCIRQCW,0
RLCRVRGTRGHCFNDHGCDKVCTREGFVRGKCNGILRRCICDRQC,0
RTCESQSHRFKGACLSDTNCASVCQTEGFPAGDCKGARRRCFCVKPC,0
DADIAVWAPPVNAQN,0
PGAGSQEERMQGQMEGQDFSHEERFLSMVRE,0
SIGFDGLNDPDIVAR,0
NNFYSYNAFITAAKSFPGFGTTGDTAVRGPIQISYNYNYGPCGR,0
GPLQLSWNYNYGAAGK,0
MTEQKPKPSCHNVMVGNYVPTASDRAANRTLGFGLVTNIINGGLDC,0
SAIWFWMTPQSPK,0
GPIQISYNYNYGPCGRYCGILGVSPGDNLDCGNQR,0
TAGFGVFTNIINGGLECGK,0
MYDESTGYSSALK,0
EQCGRQAGGATCPNNLCCSQYGY,0
GLDTVSFSTKGATYITYVNFLNELRVKTKPEGNSHGIPSLRKSSDDPGSSFVVAG,0
ITCPQVTQSLAPCVPYLISG,0
DSECLKEYGGDVGFPFCAPRIFPTICYTRCRENKGAKGGRCIWGEGTNVKCLCDYCNDSPFDQ,0
QKCEWECKLLPNFPCWLKGAGEGLCDNLCKYEGAISGVCVSDPHRCLCRNRKPGCS,0
QKHIAPWIFEDKSICCKEHPSVGRCLPGIDDDAEKDGKCWKFCIEGCETGGFCKLFEHKHICHCNCSG,0
QKHTAPWIPEDNSICCKEHPSVGRCLPNIDDSAEKGGKCWKFCIEGCETGGFCKLFGHKHICHCNCSG,0
YNVENGGSLCCNNHPKFGKCNTKNDDQRCNSWCLNGCDNGKGGYCKSMSHGGQCHCYC,0
SGSSLCCNTHAKFGACNTYQDRKRCNKWCLDGCDNKKGGFCKRFAGGAKKCHCYC,0
RKTVWPSSELDPKCCSNQPEFGICDSKEDDERCAQMCLDGCPTNKGGGCQPITEAPGAVCSCYCA,0
YNVESGGSLCCNNHPKFGKCNTNNDNQRCNRWCHNGCGNGKGDYCKAMSHGGLCHCYC,0
MIYNVESGGSLCCNSHPKFGKCNTNNDEQRCNRWCHNGCGNGKGGYYKSMSHGGQCHYYC,0
VMNEDSILSSNKGDSLCCNDHPEFGICTNKSCNKWCLQGCTRGGFCKRKICHCYC,0
KENITPWIYSMKQPVSCNREHSEIGICLSGIDDDIQNDGKCWKFCLMVAKSGGYNADK,0
KSMVEVNAAHKWYIVEGLCSKFPDCNKHCKEQKFPGGTCLKLGVNMMCTCIYS,0
KSMAKAQGGWYLVEGLCSKFPDCNKHCKEQGFLGGQCLKLGVNMLCFCIHT,0
EDRSKLIPIGPCSKIANCNQTCIESQFLGGKCIKWYPDSIKETCACLVKPSITHV,0
KDIDGRKPLLIGTCIEFPTEKCNKTCIESNFAGGKCVHIGQSLDFVCVCFPKYYI,0
QNPRGRKCEDPNGVDQKAKCYIYCNEQGFLGGSCQGYTNHYMCECYVG,0
QILTGIKCPDPNGHDKEDKCNIYCLNQNYMGGSCQGYKNHYMCECYVG,0
KSMNPTGRRCPDPNGVEKKSMCYSSCKTQGFMGGSCQGHKGNYMCECYEG,0
IESPIFTGNKCSDPTGMDKDGKCLDYCHAQGYPGGSCIGFIDQGYMCVCKVG,0
TTAGRRDGKSGRTEWLYVAGECAKLPRCNKYCVSNGFHLGGFCEKLSPQASYLSCVCKYT,0
YCERVRSRSAPHDICKKKNGNAVCKEKCWTIEKYQNGRCLILPKTTKLDCYCYHFDQC,0
YCEKVRSKTAPRDVCKKSNGNALCKKTCWTIEKYVNGKCLILPKTTNLDCYCYHYDNGSACRA,0
LGTSPYCEKVLSRFAPPGNCLKKNGNALCKESCANEQFREGVCLHLPKPQSKLNCYCSVLKCP,0
MTQGKRKHPCDLKNPSKRAPPATCNKPNGAILCGDFCLHEGYNIGKCVMRRTGKACICSQCEGW,0
MNWELCDDYPSKAPPETCNKVDGARRCRTSCNNEGYGGANCNLKGKVKVCECTILRVCLPHHKRPPHVPKPPK,0
SEIKPTGRIDDQCKQMCSATYGDGKCASDCRKAGFSSGRCLTSSPFGNKCCCTK,0
SDIKPTGRIDNQCKRMCSATYGNGKCAADCRSDGFSSGQCFTSPPFDNRCCCNN,0
IDAGIKGFDTDHCDTRCYGRDECMNYCIKAGFPKGGQCGSLCIPCGFKCCCQK,0
SDARIEGFSFDNCNIRCSEDYWNDECNKDCLRAGFQKGGQCGSPCIPCPVKCCCQK,0
AEIKKFSYDHCFHLCVAGEYGSNECFVDCAQKGFWHGDCANRTEKDPIRCCCYN,0
AETTKFSYDHCFHLCVEGEYGSRECFVDCTQKGFWHGVCANKTTAKDPIHCCCYN,0
SEIKAKINGLECFNTCTPYYDDYKCNVDCLSSGYPAGDCHIVSPSQPKKCCCY,0
VSGPPKCIALCRPGYYERFECFHDCITEGYDDGSCVPGPTTAKCGIITKTTNKICYSFAFE,0
MFSQNICMWRDCFARCSPGYYERFECFHDCITKGYDDGNCVPGPKTGRCCCTR,0
ESVIEPAKYGACLFLCDARRDDHACFYDCTNVAIYRTGHCVGNPPRCCCIRG,0
LSNSDALASSVIETTKNDVCSTPCTIRYGTFECFQDCILDHFRDGNCINGRCCCKY,0
DVLASSDIYICVTVIETTKNDVCSTPCTIRYGTFECFHDCILEHYRDGNCINGRCCCK,0
DVLVSSVIETSKNDVCFIPCTRRYGDWECYDDCLGKNFNDGGCVDGRCCCKK,0
LSNSDILVSSVIETSKYDVCFIPCTRRYEDRECNDDCLAKDFNDGGCVDGRCCCKY,0
EVLVAPVIETAQNDVCFVPCTSRYGHYECAFDCMHKRYKDGGCVHGRCCCKT,0
YDRCIGPCLRFYGNHQCYKNCRKAKYDGGQCDFVKKGEKLPECCCYYNKN,0
SYNIGQTRLVVIQEQEPHCIGPCEIAFGNRPCNEECTSQQYAYGFCDYQTKGEDNPQCCCYTS,0
ERIDICFIPCTRRYGDYECWFDCTYNRYKEGGCVEDVVVKHNRNRPTFRAVELCFFSIKFMYDFSMK,0
FSVQIGISVQAAPPTCGRDCTEKFLTQDCDKYCVGLSYKKGVCILSEGLPPKTSTYRCCCS,0
VEMGISVQALPPTCGPDCTGRFMNQDCSKYCAALSYKHGVCILFRGLPPRTSTLRCCCG,0
YDLFSEIGISAATLVIPTCFENCNATFQDPECNKWCALLAYKDGSCLYPPSEVDDLPPIKRPYIPRCCCNPITLSPPSP,0
YDLFTGIGIDARTVPPTCYESCNATFQNPECNKMCVGLAYKDGSCIYPPPEVDGLPPKRPYFPRCCCNPIILSPPSP,0
NFASGEASSQLCFNPCTPQLGNNECNTICMNKKYKEGSCVGFGIPPTSKYCCCKT,0
LPSSVINGFGYDYCIVECSITFLDDACKPLCIDRGYSDGGCIGLSPHFKCCCKK,0
MKLSILVKAMKRNNGFRYDYCIAECSEHFLDDVCKPVCIDKGYSDGGCIGLAPNFKCCCKK,0
EPQCIGSCEMLADCNTACIRMGYLFGQCVGWKTPDMCCCNH,0
ITVQADCIGPCNDDCQQLCKSKGYTDWTCASFRTKSSCCCKPPRHQIFEQNAQLNN,0
IDVHDAMCYRSECTSVCDQICLSHGYTNGWYCGTFRLHTGCCCLKKKELNQIISPSKN,0
RSNGIYDPMCPGVCGNLVKPDCNGLCHELGFPAGGYCKPGNTCCCKKKDSGPVDVPPTA,0
YQMLICLDLNISCADCQKQCDETSYGGMCLNGGRTCCCKKSPPPSYYDPRPPSS,0
EVRDICPGVCHAGIEPDCDTLCISMGFTGGYCQGLTCCCNPKSSKSSIINRPI,0
KSPVSCDGACTSTPQCNKICTSKGYKKGICHGSAHLFYICCCYAKFESQYDPSISSPPNY,0
RTQEHPCQDYRLGCKSRDVCNAKCLSLGYVKGGDCVTFAFPICCCKINFGFQDDSPISSPIFTD,0
QSSKCTKGCTSTPECNIKCMKKGGGHCQAYIGRSHGRLAIENYCCCNNYSNSPISSPVMN,0
LISDKCTEGCKSTIGCNTRCMMRGGGYCESAKIHGAVKIFCCCNNYSNSPISSPVIN,0
QFRGIKQCEMKCYSTPECNATCLHEGYEEGKCLKSWDGGVECCCLGLLASSHQDSSPISSPHYIIFHGICILNI,0
QLKSTCRIAEAWKGAKECNAKCAALGTTRGGVCQKFLGDLYCCCWD,0
VEVIPCIAGSKCTNDMTYNELCRFKGFSKGGFCQKYVHQTIGRCCCHPTGLESQESSISGDTNVVITN,0
QTMQCYSGIACTDDGTCNDYCNPRNNNLGGVCLRRANCCCCYVSVVKSQESSLSKDTNNVFITN,0
SPEKYYDCKQDGCITTPPCWRKCVSMGYPKGGECRIYSYGGVCCCDLTSKPPN,0
FTIAEPYIHPCMKGFCSFKSECANKCIFMGHHKGGDCIGGLDGIYCCCLA,0
WGKCDLRKGLCRLADTISTCDVPCRAVDSKYHGGECLNVGGGQGICWCCRDYDAAKSGAEKESM,0
RQVCDYDKGECNSYEKSSTCIEPCKQLDSKFIGGRCIPVGGITGMGLCVCCRDVQRGAEKESM,0
RRVCDSAAGLCSMLFSCNTQCNSLGRNFTGGECSDARFPGLSVCYCCHNVESSAEMESM,0
RLVCDTPAGTCTSSSTCNDQCNTWGGNYSGGECADSSFPGLSICYCCHYVGSSAEMESM,0
SCDFPLGACTPFRDCKESCIKFKTRAGQTFFDGKCRPRDRPSVWTACFCCYYDSIGAQ,0
FPASDQSIYARCIGPCPRYAVPHWCENECLSRKYMAGGECAFIEGEGPTPRCCCINL,0
RTTTGGSPGYGIGGRTKTCFTPALCIYRGVHGCDSYCKTKNFDYGYCRQEHCCCVNY,0
LPTTARSPGYEIGPQRRRRVTCFSFSFCKPARGLASCDLFCKRLKFESGLCTGDLEKCCCIDYIN,0
LPMTHGGKPGYGIERTIIRPEWRCYVDEGCPKGQGAPCEKNCKNVADYGICIGIKCCCFDVIPVPPT,0
MLMACYSAGQLGCLVFCNEAEYSYGKCIGRGRCCCYDL,0
HTTIASAPSSGEPTTYATGPALSKHSHDNDGICFVTPACFAPGQYEIGCIVYCHESHYKHYKCVNRSCCCYNTDKNASELK,0
RMTTTTSPGFGIKQQDRQCFEHAPYLCRGGEGDCRMYCRDLDFSFGTCFSGVCCCQI,0
RMTTASTPGYGIKQEDRLCIQGQEGTKLCSSGTSRDCLNFCLIRGYAGGSCYAYTLDQCCCRIPPPKLK,0
RPSFKPIPLFGEKLTQCFDTRPCLQGMLKCIEFCSSMGTADGQCNNENLCCCTHE,0
RSTSDIVSGSGIKEDEHVCFKTSPCLPEVGGEKGCIAFCSRMKFTTGLCLGSVVCCCYT,0
SDDTQGFGIKQEYKQCYTPDPCRKGGNDECERFCVAKSGLLYGKCINDGSKDVCCCLTK,0
SDRTSGVGINQEYAKCYDLADCQKPKVDDAACERFCGAKSFLLYGKCDTATNKCCCKSKTK,0
SDSFPGLGLKKQAHKQCYSPDLCTGGDSKCDICCVLISGVYYGKCIQSKCHCLNKTK,0
SELDNTSGFEIKQEDKCYGPEPCKNGYEGCLFFCVRIAYYLYGECTMKPDHQKHCCCVTK,0
SDSTLGIGINQDWKKCFSPDPCKKAGTQGCMEFCRTISFLLFGECTSKPDQCCCVTK,0
SDSALGIGIKEDWEVCFSIDPCLTGEGTLGCTKWCRNHINLSLVGYCRTDPEHCCCVAEK,0
SDGTSGYGITEATKRCFTPAPCTRGLFYCQTFCSSLSAVLIGVCESGICCCILNQ,0
QEMCRDLLMRAKNCDDSTCATLCKQKWKGNGSCFPNVYRKSCLCTFPCKT,0
QEMCHDLIKKTDCDDATCVTLCKQKWNGNGGGSCFQIVNLKSCLCAFPCQV,0
ANCVNYFEITFPEVCEANWCAAECLKAYKNGKGTCWQKFCQCVYDC,0
EEKQCYDYLLTPQENCEGLICAHECTMQHGGNGVCVDTTSTVCICTYDCTS,0
QHAMCHEILPETDCGAGSCTALCLQLWRGTGKCVRTNDQKLICLCNFECIV,0
QNAICQKFLSETDCGAGSCTALCLQLWKGIGKCIKTDDHKLLCLCKYECIV,0
QHICHQILLNNNCDGATCTSLCDKQLQGTGQCYKTVDKRFICLCNYLCRT,0
DTCHEYLYPEKCENNQCNSECATKFKEVGVFGFCVPPRSEPTEQFCICSYNC,0
SIFIKYSDRTCHVYIKAENCEIDQCNWECGTKYKRVGVQGLCVPPGFDPIDQACLCSFNC,0
HICHDYLEGDHCDPKDCNLDCRDKWKGTGTCEPPTGTPLTRTCYCTYDC,0
NDEQLRGNRCFQIKFKTGKCVPKECQTACQEKLRKPKLKGEGFCMKECTCCFYT,0
FSPEDCLDDVGWILICTKPTCKFSCWTSRSVNKGRKMQDYWCSDSNTCHCVFCTGD,0
NMSVDQKRCWATLKENNCVHDECRSMCLKKNPKGHGRCIKSSKGRIICLCGYDCP,0
QPLEEMVECKEVLWPEECKYDACAFACALKRHGKGGCLEGPDYRSACICQYACKRS,0
EKLTTCSRFLSQKSGKCVKEDCDRMCKQKWPGKYTVGHCYGQFKDAKRCLCSVCGPDRQPP,0
MVNGQCSFPQPVGPNGKCVPKDCKSLCHKKYKGGSICTTGKPNICMCLVCRRRSPEV,0
NLQQRRQMNQTWCSRPLLTHKQTGKCVIEDCESKCRQKWKGNGTQATCRNQCNCHFRCPWIQGQP,0
NVQQVKREQCHTVIPNKSGKCIFTECKSACEKLKKPVASLCLPPKTCRCYHFCS,0
NVQQKRSNRCIDFPVNPKTGLCVLKDCESVCKKTSKGLEGICWKFNAKGKDPKQCKCCGLWPPLY,0
NVEQKSQDWCWSIVNKDRCLQKECESLCSKKHPKGKFMCIPSTPGGPFQCHCRHPCR,0
NEGLGKPKKQCNEILKQSNCVAAECDSMCVKKRGKGAGYCSPSKKCYCYYHCP,0
DVDQGYKQQCYKTIDVNLCVTGECKKMCVRRFKQAAGMCIKSVPSAPAPNRCRCIYHC,0
QAPSTCFEALKDASKGASCDSELCASLCKKKSGGGVGTCRTKTTQPSKGQPECHCRFWCKSDGTPYK,0
KQRLCIKVLTNASHVSKGASTCDSKLCTSLCEKISPQGVSFCKPIATTGQSKKGNPVCNCRYWCRSDGTPHTT,0
KVPCLSRMFNKNNTCSFLRCEANCARKYKGYGDCRPGDRPHDKKDSLFCFCNYPC,0
VVEKAKGDGSCTIIIDPKAPSCDIIQCRLSCITDYNGLAECIASRIGSPPNCVCTYDC,0
DKRCSIIIDLSPCYPIECRLSCITERNGDGECVVSKVGSTPNCLCTYDC,0
KRHCSTIILPESPCVPQDCVEYCFEEYNGGGTCIASKTGRTTNCMCTYNCHGNNL,0
DERCTIIIHPGSPCDPSDCVQYCYAEYNGVGKCIASKPGRSANCMCTYNC,0
DQTDKYCTIIIDPRTPCDLVDCRLSCYTGYNGVGKCIASKASRTPNCVCTYNC,0
KRCHLTIDKATACSLSDCRLSCYSGYNGVGKCFDDPKVAGPSNCGCIYNC,0
DEGKRCHTTIDKGNFCDLVDCRLSCFSGYNGVGKCFDDPKVPGRSNCGCLYNC,0
GATIKKCVVDVKLSKPCTFQECQPLCLQKYNGNGLCPGDDNNICACVYNC,0
KQLKTCTSVIKLGHPCDIESCLNECFRVYNTGFATCRGDKYSQLCTCEYNC,0
LYMCVSSTCVIQWCAIQCKRKEANGIGTCKPRPNQGKIQYRKLKEECHCVYKCS,0
RNRICRTSEKYYREFCGHAGNDDCLSKSTKKPKPFKCVCHDNRSQNITSINDRYNNCICTFYC,0
LMDSMPQRHPVEGWCKRPLPNQKPGPCNNDRCSARCKEQKQFEFKGGKAMGICSSENRCLCTFRCR,0
NMGCMAVLGSCGVITDCSGSCKTKFGQDASGDCDRDGGQGTCMCGYPCPHDKLHM,0
NMGCMAVLGSCGVITDCSGECISRFGPQARGYCDRDGGSGTCVCVYPCPADKPHM,0
NMGCTATMGPCEKDKSCSATCRATFGDRANGFCDYSTSTSPGGECTCVYHCPPVVPHESHL,0
NMGCIQIIGRCIKIPDCSASCRKFLGPHASGYCDNDGAGGTCICTYPCQTKEIHM,0
NTGCFDYDVYQPCDHCRERCLKYYPVTRKAICRKNHCVCIGPCPNDKAIPNVKLFKNVKEQILS,0
NMGCNDYIVGDVCVHCRERCLRYYPVTRKAECYRNHCLCIGPCPDDRPHKRFQMLNSSKNVKAQILS,0
QTCDENLSSCENCDQRCKAKHGPSSVSKCNGPDGTCGCASFKPAKLCIGATDMCTDKCPTSCCDRQCAIKYKNGKGGCVDYAGYRMCICEYTC,0
NTCIEGIGNCQQCDVRCKARHGPAAKGACDSKFQLCTCNYPCGQGPSPPQPKKCYGGAGICSDRCGAQCCNQNCAQKYNQGSGFCDSIGNTSLCKCQYNC,0
NKKMVGEAKKCDQTWTCEGEDKCREKCLTLHNGVGVCDLYTAPLVPKQCFCHYDC,0
KTCSDGWTCLGPKEEDKCKENCMAKHKGVGTCNLYTIPEFPAPITYYMCDCMFDC,0
KTCSDGWTCVGEDKCKVNCMAKHKGVGTCTLYIIPSFPAPITSYICDCMFDC,0
ENGIMIGEAKKCSNSWICEGDEKCKEKCMADYKGNGTCYYPSPPSKQHPEFFYPTCWCGFDC,0
MSNGMPRTVPCIEGRILWNRTLPCSSILCGDHCVPHGYRAGTCDIVNDRAICKCSRCR,0
MRMTQKVSCIEGRTLWARPPKFFYCSSTLCEDNCINTGAYRGGTCDMEDEVAICRCHRCKKII,0
KKPPCLEGRTAYVSPGPCSNSLCTQDCRPAGYHTGKCKVEWSTPICKCYGCRKV,0
YDRKCLKEYGGDVGFSYCAPRIFPTFCDQNCRKNKGAKGGVCRWEENNAIGVKCLCNFCSEEPSDQTLSRI,0
QGSKCLKEYGGNVGFSYCAPRIFPSFCYRNCRKNKGAKGGRCRSGGAGAGSMICLCDYCSDKP,0
KDKECLKGYIDAPLSYCMARIYPSLCYRNCRFYKGAKGGKCDGLKCFCDFCSDKPF,0
QGNECLKEYGGDVGFGFCAPRIFPTICYTRCRENKGAKGGRCRWGQGSNVKCLCDFCDDTPQ,0
HDSECLKEYGGDVGFGFCAPKIFPTICYRNCQKDKGANGGKCLWGEGGKVKCLCDFCSNESFNQFISLT,0
KDDKFICVVEYGGDVGPTFCNPKFFPTLCRQNCRSFKGAKGGKCVKQPKHKHIKCFCDYCKDD,0
RTTTSGYGMLFDSVACEGGFEYCPRGGGNDKCTTFCRSLPNKYDFGVCDKIYACCCHINV,0
RETRMMEQTCPVFWPMVPCDANKCEQMCRDYYGSVPSYCNRIGTPIAECACSLTPC,0
KTCKLFRGECPVDPCEPEKCDECCKATFGKQICGKCEQESTELHCHCRR,0
QTCFKGEAQEGVCVKVDGSKLCDLLCRATNTTWFGACEVEDNETHCHCYGPC,0
HCDHFLGEAPVYPCKEKACKSVCKEHYHHACKGECEYHGREVHCHCYGDYH,0
NCDTYLGEVTVYYPCRERDCEAQCYEHYPHSCKGECEHHDHVVHHDNEEEHCHCYGR,0
ACFTFLGECGPEPFTGSNADCLACCVALYKSPPVCAGRVEGVPAHCHCYKS,0
ACFKFLGECGAVPFPGTNADCTSCCVGNFGSAVCAGRVEVEGGVKHCHCYGTS,0
IITKTMNSKETIYLDNPAVSPSIDQNLVDIHLGHSFVQGVMSFCYDCGKACFRRGKNLARCQKFVCRCTISKLR,0
IITKTMNSKETTYLDSPAVSPSIDQYLVDIHLGHSFLQGVMSFCYDCGKACFRRGKNLARCKKFVCRCTKSGIK,0
IVMKSSNSKERTYPVTPALNPLTGQHSLRQRQLIFCDECANACFRRKKPVRSCQRFICRCAIRDVGY,0
VLINGSSDEERTYSFSPRASPFDPRSLNQELKIGRIGYCFDCARACMRRGKYIRTCSFERKLCRYSISDIK,0
ILINESSDEQRIYSFSPTTSPFDPRSLNQELKIGRIGYCFDCARACMRRGKYIRTCSFERKLCRCSISGIK,0
ILIKESSEEERIYPFNPVASPFDPRSLNQILKIGKIGYCFDCARACMRRDRYIRTCSFERKLCRCSYSHIHHTHG,0
KNKKVVIIPGPKGERPDIKVVEGPSTVEDDFCYDCVRRCMVKGVGFYFRSCKGFVCRCYYPFMGGYGP,0
FFKKLFLRASNIMIKSISEGKSQFSGPALSPNIDPADEHIGHSPEDMKIIFCQQCAFHCIEKKKNIAHCENSICRCTLEDIL,0
NIMTKSISQVKSQFFSPALSPNVDPADEHIGHSPDDMKIIFCQQCAFHCIEKKKNIGNCENSICRCTLEDIL,0
NIMTKSILEGKTQFSIPSLSSTIDPAYEHIGHFPDDMKIIFCQQCAFHCIEKKKNIPHCENSICRCTLENIL,0
TVKSYSEEKTHSFDLTANPPIDLNIVDELPRDEHLGVSHADNVIGFCQECAHHCLQRKRVLGECRWFTCHCSRITIGVGL,0
VVPSSFKRVEGPVTAASADFCYKCSRGCYRRYRRPVFCQGSICRCSSFIDDGY,0
MKKFGCNTTHPFPGKCGNNGKSSWVSDMKKLPSAPKNRDIRCECSDRPSLARGMPGERVCRCDYDC,0
KTKWGCDMNRPFPGKCGTNGKDTCISDIKKMPGAPKDLVVRCECSQRFVWKGYPPERLCKCQYDC,0
IHVEQAGVCEFTGEFPGKCGNNGRKMCVEAMNKKNKGSPGENKKNLRCECFDNPVVILGRPKRICRCRNNC,0
ANKRCHLNQMFTGKCGNDGNKACLGDFKNKRFRYDLCQCTDATQISPSLPPQRVCNCSRPC,0
HVREVKSVETKAKRVKKVCEKAQVFEQNCGWDGNKTCIRGFNKIKEYPFHCECGIYDAPNSRRICKCKFPYSPC,0
EKLCTTIGDLDGKCSQDGEKLCMRYMTDQSKKKFLSCTCNNVVMLHKYKHYCECQSHCTPKQT,0
GAPPVECWSEILFSGKCGFHGKKKCYKEMESKLKQRVLKCRCEDVKKDSNTSKDEHYCGCQRENPYECN,0
GAPPQDCWNLVTFPAKCGIHGKKKCFKEMESKYQQRFLQCTCKNLKPEPKSPKDEHDCTCQRANPYECNS,0
VLKPMDQCGRKDIFLGGCGSNGSKTCINDFVKKGGVAAKPSSCECDDFGEEHLCRCYVPC,0
GLDPMAANLRVRKDIFIGGCGRDGNKTCMKDFVKKGGVMNKPISCECDNLGYEHLCRCNFS,0
QGKKKPPCPLGLSANGKCGHDGPKLCFSEMERKFNKDVVKTITHCKCWDDRRNNVDKHRCTCYLKHGFPCTNG,0
QAKKKRCPIGLHTYGKCGTDRAKFCFSEIESKLSFSKQVLNTISSCRCDDDRQGNKDLYWCQCDRREGRPCPAN,0
QVKPTGCQGGQRYRGKCGTNGTKTCVKDMMLPKLFKTKRCDCQDMLGTFKGWHFCTCYSGRPGC,0
GLIRECDYTMEGYGPCGPNGRSLCLDTFWKTPPSPGLSKNLEGCRCEDRGKRPPIFTGLSHTCRCCWSYGGGSDD,0
GLVRICNHRIEGYGTCGPNGRKICLDAFWKNQPSPGLSKNLEGCQCEDRRKRPQFKGLSHSCSCCWSYQGNSDE,0
RTIRICDRKVEGNGTCGPNSNNICLDEFWKNPPSPRLAKSLEGCTCEPRGKRPKFKGLSHVCWCCWSYNSSNPAG,0
HEEPKVAPTEELMFAPSNQPRYCRSRQVFDGSCTDRGTPRTTCFLDFLGARSASEMPKNCDCTPQPNNKRLCECSVICTDCCVKN,0
KELKWCPSKDVFNGSCTDTGSPSYTCFLDLLGSKSASAMPKNCKCTPLPHNRRQCDCFVVCDSN,0
EESSMNIDAQRRPWCPSKKQVFGGSCGNDGAQQCLNNLLSTWDPSVRLSPVSCNCTPQPNNNILCSCPNMICP,0
EESRMNINAERRPWCPSKIQMFDTNCEVDGAKQCLDLLISTWDPSVRLTRVSCICSDFPYRNMMCSCPNMICP,0
EKLSMDPTRRPWCPSKKQMFGGNCGNDGDSLCLMLLAASWDESLRHSSISCNCTTYPNYKILCSCPNMICP,0
EAAGERRQWCPSKQQVFRGSCSDDGGQKCLNDLLWTWNPSVRLSPIYCDCTPKRHNKRLCDCPSMICL,0
EKRPWCPTRKQIFDGSCNRTDYTQCFNDLRNTWDDIGDLCPTDCTCTPQPQNKRLCYCRYLPCPST,0
QRLVPLCKTIGYENPGKCPADGNKFCRRKLDDRYVKYKRCDCQDTKGRKQNHHRCICYMKLPCNQ,0
QRRKPVCKLTGVLNPGKCPTAIHDASNLCSRKLASPNMTFKRCDCQNTEWRGKDHYQCTCYIKLPCNQ,0
EVEPVPYCKVITWYDVKCGADGNKTCVDHLIKGHIYDVPVCDCSELTTSGILCTCQHRFPCKEPPPLHRISIRKQIRG,0
VRHNLAVGDVCATNEECRINCQCDAAYCDLSCNMCVYMLHVMDTIDANIPNQPCISEYQNCGKKTSSLQ,0
YEDSCSTDEECRRNCLCDVAYCDKSRDKCDYGFMNRVDVRFPKHPYISKNKDGSGR,0
VADYCNRDADCKRVCLRPYACNLTRHLCMCHPNDVSSSKQHCIPEHKGFGEGGPPPQRLKLYR,0
RELAGVNEIFEIAARSSNNAGTARALQQAPPCKRDVDCSFECPKGGFCNDRLGTCDCF,0
RKLTGVADVIVEGEAASPQYGIIDENDTLNKSPSCKRDIDCTFQCRRGGFCNLILQKCECL,0
IQNSETSVNQNSCMPNEPRCTGCPGGGSGGYRGPPPPCCKNDSDCKAHCPEGGYCSNQCDCVCNLVKVMNNDVRCQVDTDCNMKCSKQGYCKLAS,0
REMAKEEVNCIGGHCPDGKKDCNCLPLIAPTMDIYETNESCRTDNECIKYCPKGCKIVDCNFGTCLCEYC,0
LEGESKVSGQVRDETPHTWYCKYDDNCRENCPGCTITKCNYGVCICSNCYHQQSDLGVESHM,0
SKGEEKTSGELRDVTPQRGGPCSYDNLCHNHCPGCKITQCVNGECVCLICYTPPL,0
SEQRTRVSEVVREAEIHDGGQCTDDDICNKNCLDCIARQCIFQQCVCSKRFFPPNSQPNLRVKKH,0
IPRGWQEPCFCPSKNPYCDCGDDLQVPTTSVISPKPIIEQCARCERNSQCNKVCPATCKYKVCIFNRTCEFSTCHCYRC,0
RMSGDVTIQRGGSCNNDNTCHDTCPGCRITQCIFRQCVCTRCNTPRSSLRIESHM,0
RQMQRPQNVECVGGECQPKHPQQYFGSCFRDSDCRNSCFPYCRYQKCHHHECICSLCSSEVAPSPK,0
TRIMDDSSDCVFKGPCQRRSDCYERCGLKPPSRAALCQPMGLQGRVCCCL,0
TRIMDASSDCEFKGPCHKKEDCYDSCGVNKPPFNNAICVPGRDSFQCCCILS,0
TREILSAEICGWNDPAVHCKTKEDCFEKCGGRPAKKVFCVRPGDHSYDRLCCCRA,0
NSVEKDVMDGPCRLRGTCNNDGDCDKHCHRSTDAAAMDGHCLFDKPTGPVCCCLFD,0
KIVKRMQVGPSECVYRGRCRDSYECRSRCGPPEFSHETLGLCMFDYDDYEYFCCCTTNY,0
SGCNFKGSCRTDDQCKRICRGHGLDPSFQLCVPYSSKGGKCCCLHYEGAPLSSEVI,0
IVCNFEGHCVTSDDCINVCKSGEDPFLCVRSGPHKGMCCCLKTNGSVLE,0
QESKKGILLKPKTCNTNADCAKFCKGPIQNCLYHTCACVPGNPHCC,0
DYKFHVCDPSFDEKDCDFECKEFGHPGGYCRPDRVQPRIRMCYCTDR,0
TDPVPTPPGLHIPCGKGFTSKECNKYCTGVGYRRGYCAPDEEYPQISSCYCKWRI,0
NRQCVQAMDCTNVCSHGGLCTKNGKCVCWSPNVVINSGPPCWSDEMCFSTCGGNGGYCNYDIGGCFCQ,0
KEDKECNDSKCLPNPSRINLEEGNIKRIDVNHGGICDTYLECGGLACSDYRRACCVNGKCVCRKQGQTLPDCPN,0
LDEPNMDTISKSREYKCKIDLDCSNHIACRHCSYRNCKCDHGTCKCMP,0
AEEMGKGEVTISLRCKTKTECLKNIACEACVDCRCDKGICKCHGFTAETNNPTV,0
KPRGKRPQSNFHAKRIRTVLQTLLVMLCTDYRCDKGLCKCHGFGGEKENPTAAPLTA,0
TSSTLKESLTAEIKPTKVDRCKTDRDCPQSHRCQKDFYYGCVVGECICRAV,0
SRNKLSSYIPLCGSNTYCGGLWCPKKGGKYSCISMSCDIQEDCPKLVRCKNSPGPYCMEGFCTC,0
SKNKSRSDLPLCGFREHCDGLWCPGEGGKYSCINWSCNFIEDCEKRIRCEKTGPCCFDGLCDCTNF,0
HNFLPCVITNDCEYHHCSSGTVLCVNRQCHCSRSSTHQTKLDNLKKMDYAKKCKWTKDCDPRMRFTCVSGSYMCFDGLCTCTN,0
QLIVPCKTSEQCKSIRCSNGSAQCVNKQCQCPSLKQIYSVTDVSCKTVSDCVASHQCPTGLSACIEGKCICLP,0
QFRCKSVAECDSRGCRVGTHVICNEHHICTCAHGSPIGGQCDGVEDCDLSGCPPNSHVICDRIGGNFCTCVPN,0
MLRFVLVYIPVSVVSHTLCISLFIICSTRHTCFSKRYTCLLNICFCFFISSRIRNYF,0
RCYTNDDCKDGQPCPVPLACLFGSCICPWKSQSKLPICQIICANLD,0
KTNFDCVNLKCPTPFVTPKCVSGGCECPLKELLTLLSDTNYGVAACIDYCKAKGENAYTCILNHCYCRKPSM,0
QSCNNDSDCTNLKCATKNIKCEQNKCQCLDERYIRAISLNTRSPRCNVQSCIDHCKAIGEVIYVCFTYHCYCRKPPM,0
RTGYVSCKTNSDCVKLKCPTPFGGPKCISGSCECPFKELMTLPNDTNYGVAACIDYCKAKGEIVYACILNHCYSYKPPM,0
MIMGVSYHENRCHDWVDCAIWCKQWVPQPKCINRVCDCKPKSLPTNDEIPKSASSSSKN,0
MIMGVHYHEYRCHDWVDCAIWCKQWVPQPKCINRVCDCKPKSLPTNEEVPQSAYSSNSNY,0
DICQTDRDCVEIGIPRCKRTGKMPICYNGYCCCICSAKRLPASTTRKPPSPSTSKLV,0
QSPLSQSSHEFTVVSPYLSCFGIEECLFYLYFKLYDLCVILLCTWFDLSE,0
HVCLMSFGSSYRVGVHITHEKVAACPRQNQRLYSCDSLRILYHYSCLTTRDLLYICDCSDFENIICLIRLLLNLDFVEVKLV,0
FKIHEVPEPTGKWCGYSVPMKPCINDDRVKRCIAENTHGWLMATGMCTSIPSLKDCYCMHQCP,0
DCKHPVGPYTDSCFTDCVSGKYGYNYESAFCSRDETGTCKICCCELINE,0
MYLSSRTGSRLLFLVKASFNTFEKVATISSTLIYFVSHKLVSSRSCSHNFRNICGYIRHNCRKCIRFCFCTFSIKISLPLVIARRIEY,0
ATKVKAKQRGKEKVSSGRPGQHN,0
SESILIVHQQQSRSSGS,0
MLHLVVYDISDDGSRARLAKLLEKFGLQRVQYSAFRGELNPNDREVLARQVGKFVRDDRDCIFIIPLCQRCSSTAIVISNTGVELVKEKGVEFV,0
MFYLISYDISVDQRRLKIAKLLEGYGQRVLESVFECDLELPAYRQLRQKLNRLIKDEEGDRLRIYRLCASCREQIEIIGDGPPPETSQDIYII,0
MIWLAVYDIEDDGERAKASAILQAWGFVRVQRSFYVGRMPRGKAADLLKILQRHVKSGHIALIPITDELLAKALELGRPPYAPLKPPKYAQIYVV,0
MLYLIIYDVPATKAGNKRRTRLFDLLSGYGKWRQFSVFECFLSVKQFAKLQTAMEKLIKLDEDAVCIYVLDENTVQRTITYGTPQPEKPGSIII,0
MRELYLVIAYDTPDDRRRARLAKLLKGFGERRQYSVFEARLTREQWAHLKGKLEALVNKEEDVLAVYFLPPEAVGRTWRIGHEGLKRLEDPDFV,0
MRVLYIIAYDITDARRLGQIRYFLKGYSTGGQKSVYECFLEREELKFIISKIKRLINPNEDRVHIFRIDGRSKVITLGIAVPPIDPEYFYIG,0
MVVIVYVIVAYDVNVERVNRVKKFLRRYLNWVQNSLFEGELSSADLEEVKMGLREIINEDEDMVVIYRFRSADAFKREVMGIEKGLGGEEVI,0
MQCLVIYDIPNDRARQRVADACLDYGLQRIQYSAFAGNLSRTHQRALFGEITRRVKGHTANVQLFVFDSKTWSDRRILEQQYDDA,0
MVRLVITYDIRKDKIRNKLFRLLERYGAWKQYSVFELEINPVHKVELFHSIADLIEDTDRVRIYDLCERCQGKITELGEVSPDKMQVVI,0
MILIYDINTEDNDGKRRLVKIMKTSRKYLSHVQKSVFEGDITEGQISLLKKEIMAIVNMKKDFVIIYSLRDGVKLNREILTDTPDPTDNFL,0
MKLLVVYDVSDDSKRNKLANNLKKLGLERIQRSAFEGDIDSQRVKDLVRVVKLIVDTNTDIVHIIPLGIRDWERRIVIGREGLEEWLV,0
MDFWLVCYDVRDDKRRRKLAKLLEQRCQRVQYSVFECPLPEKVLTDLLHRRWLKELNLKEDSLRAYPLQRQSRSQAKIFGSPDLYEPPDFLIL,0
MGKRLYAVAYDIPDDTRRVKLANLLKSYGERVQLSVFECYLDERLLEDLRRRARRLLDLGQDALRIYPVAGQVEVLGVGPLPELREVQVL,0
MRLPYLVCYDISDEGRLNRVYRFMKGKGFHIQYSVFYCILTDVELKEMKAEILKLIHSRYDDVRIYPLPNNSLVAVLGVGDRIPDGVEVFY,0
MLIIVTYDVSTETRAGRKRLRRVAKLCESIGQRVQKSVFECRINLMQYEELERRLLSEIDEQEDNLRLYRLTEPAELHVKEYGNFKAIDFEGPLTI,0
MILVTYDVNTVEPGGRRRLRQVAKACQDYGQRVQNSVFEVEVDPARWVALKARLEAIIDPALDSLRYYDLGANWQRRVDHVGAKPAVDLHGPLIL,0
MFLYVIAYDIPDDRRRKKMADLLEGYGQRVQYSVFECTLSKSKFNELQKRLRKIYQSEEDSLRFYPLSGHTLTQVDIWGEPPLTKPPGSVIV,0
MPYLIVTYDIAEERVNKVRKILKKYFMWVQNSVFEGEITEGKLLKCKLELEKVIDKEVDSVYFYSLENRLNYRKTVLGIEKEITGNIL,0
MVYVLIAYDISNDSKRLKAAQKLLQMGFARVQKSVYIAKGGRSLAKEAYRALQRLADSGKDKIMVMVIPGDSVRDAYGLGGSLEDGKRVVVV,0
MSSRLAVFAYDIRDDRVRRHALKTLREWRLDGQLSVHECQVDAIQARRLFEQLGDELDPATDAWLFTWVEGHRAVLARGKGRTTALQDGLLLAA,0
MLVLITYDVQTSSMGGTKRLRKVAKACQNYGQRVQNSVFECIVDSTQLTSLKLELTSLIDEEKDSLRIYRLGNNYKTKVEHIGAKPSIDLEDPLIF,0
MLVLVTYDVNTETPAGRRRLRRIAKTCQNYGQRVQFSVFECNVDPAQWVKLRSKLLNEMDPKLDSLRFYFLGSNWQGRVEHEGAKEPRDLEGTLIL,0
MYVIMVYDVNQRRINKVLNTARKYLEWIQNSVLEGEITEAKFEMLKREIEIIINEEEDSVIFYIMRTTKYSERQILGIEKNKREQIL,0
MSMLVVVTENVPPRLRGRLAIWLLEVRAGVYVGDVSAKIREMIWEQIAGLAEEGNVVMAWATNTETGFEFQTFGLNRRTPVDLDGLRLVSFLPV,0
MFVVLVYDTAAERNPNALRTCRKYLHWVQRSVFEGELSAAQYRALMTTLRDQLDLTYDSIRVYRTRSPALVETEWLGVPLGNQDSVL,0
MEHLYIVSYDIRNQRRWRRLFKTMHGFGCWLQLSVFQCRLDRIRIIKMEAAINEIVNHAEDHVLILDLGPAENVKPKVSSIGKTFDPILRQAVIV,0
MPYVVVFYDVSDNKRRDLLAKTLQSLGLVRVQRSVFMGRGGYTKAKEAIRAASRIVDARTDSVVALVVPEDYARRMLVYGGIMSDPKQKQAVRVV,0
MRGGNLKVLVVYDITDDSLRLKVAEILKDLGLFRIQKSAFIGEMTSQERENMEEILRRQNLGPSDRIDVFPICDRDLKMHSQIGRGKFGRGPP,0
MKHWRLVSYDIREPKRLRRVAKIMEGFGERIQYSVFRIYSTDKELEKLRWKLAKVTEEEDNIFYLTLCTKCASGAHTQEKKSAWPEAPKTLKIL,0
MYVVIVYDVGVERVNKVRSFLREYMNWVQNSVFEGELTKAEFLKIKSRLKELIQESSDHIIFYSSRDRKYLGIEDLGTPKADTSNII,0
MAVFLIAYDLVNERRGTHDYQPLWDELKRLGAHRTQFSLWLVSANNTTAEVRQHFQQFVDSNDRIWVTRLRKSQYDYANAIGGTNNWLSNNPPEA,0
MKVLVSFEIKFKTNKEKIISILKHFGFRRMQENLYFGDVEYDELYAMQSDIMENIREYDSILTIPICKSCYLKLNVFGRNLSFKDELYKIF,0
MVVTVYLLIVYDVGVERVNRVKSYLRTELHWVQNSVFEGEVTESQFRRIETNLERIIDRERDSVIIYSFRSERAMNRNVLGLEKSPLDVIL,0
MAEPRRWYLITYDIRDPKRWRKVHALLKGYGEWLQLSVFRCSLTDRDREKLRWELSRRMDAVDTLLVIGLCGGCVERVRAINAKEDWPEEPAPFKVL,0
MQYKINMYAIVVYDVNVSRQNQIREFLRKYLYHVQRSVFEGEISPSSLYYMKKILQSYIGETDSLIIYVLRDKSCLMDKIVLGEDKDLQIY,0
MYIVVVYDVGVERVNKVKKFLRMHLNWVQNSVFEGEVTLAEFERIKEGLKKIIDENSDSVIIYKLRSMPPRETLGIEKNPIEEII,0
MYIIVVYDVSVERVNRVKKFLRQHLHWVQNSVFEGEVTLAEFERIKAGIGELIDGDEDSVVIYKLRSMPKREVMGVEKNPIEDII,0
MYVIMVYDVNEKRVAKILKIARKYLKWVQNSVLEGELSPGKYEKLKLEVSRLIDEKEDSVRFYVMDSQKVFNLETLGVEKGEDGFIF,0
MIVIVAYDISDEDRRGRLRRYLRRLGLARVNRSVYAGPGTATTAELVAERAKEIVEEGDSVFVIVVREDEYQRAHVFDGRDYYIVSERKYEVY,0
MYILITYDVSTETEAGKKRLRKVAQVCKDFGQRVQKSVFECSVNEAQFEQLKHRLLQCIDEKSDSLRIYRLREPAKKYIQEYGVNLTIDFDAPLVL,0
SALYALYDFSPPARKMRAYTVRAYVHGSYSRRGPWYDFEPVPGASMDGL,0
MVQMIFLFAILAVMTIVLMEANTVLARDCLSGTFGGPCWAWSGEKCRRLCIEEGHVSGHCSGAMKCWCEGC,0
MQIKFLYLFLAVMTIFILGAKEADADCLSGRYGGPCAVWDNETCRRVCKEEGRSSGHCSPSLKCWCEGC,0
MEIKFLIVLSAVLMIIFLGAEESHADCLSGRYRGSCAVWHRKKCVDICQREGRTSGHCSPSLKCWCEGC,0
MVQIKFLFVFLAVMTIVVLAANMADADCLSGKYKGPCAVWDNEMCRRICKEEGHISGHCSPSLKCWCEGC,0
MAQIKGLFALLAVVTIVLMVANSASAVDCPSGRFSGPCWAWDGEQCRRLCREEGRVSGHCSASLKCWCEQC,0
MMQIKFLFTFLALLMMVILGAKEADADCLSGRYRGPCAVWDNETCRRVCREEGRGRVSGHCSARLQCWCEGC,0
FVKLKKILNIILSIFKK,0
QGRMYQRFLRQHVDPDETGGNDHYLNLSRRNIQCPNRHEGVRFNTDIHEDLTNRRPIDEHEGVVRVTDKTEEG,0
AFVLDADNLIPKKITFGEGSQYGYVKVEGDALSDTLEKIDYETKLVSAPSSSTIIKTTSKYHTKGDVEIKEEHVKAGKEKAAHLFKLIEGYLKDHPSEYN,0
MREETVVYEQEESVSHGGGKHRILAELARVEQEVAFLEKELKEVENTDIVSTVCEELLSVIEKGPDPLLPLTNGPLNLGWDRWFEGPNGGEGCRC,0
GSPRTEYEACRVRCQVAEHGVERQRRCQQVCEKRLREREGRRE,0
LKCNKLVPLFYKTCPAGKNL,0
DCGHLHDPCPNDRPGHRTCCIGLQCRYGKCLVRV,0
FLFNVIPHAINATASLIKK,0
FLVGILPRMRGFITPFLKKVR,0
FLWSLIPSAISAVTSLIKK,0
AKRHHGYKRKFHAKRHHGYKRKFHAKRHHGYKRKFH,0
CREKAKKLFKKILKKL,0
GLPTCGETCTLGKCNTPKCTCNWPICYKD,0
RECKTESHRFKGPCITKPPCRKACISEKFTDGHCSKILRRCLCTKPC,0
RTCESQSNTFPGICITKPPCRKACISEKFTDGHCSKILRRCLCTKPC,0
RLLRLLRRLLRLLR,0
RLLRLLRLRRLLRL,0
RGDLLRHVVKILEKYL,0
KWKLFKKLPLIGRVL,0
KWRRKLKKLRPKKKRKV,0
AWRRKLKALAPAKKAKV,0
RKKRRQRRRRKKRRQRRR,0
LEYWGKCTKAENRCKYKNDKGKDVLQNCPKFDNKKCTKDGNSCKWDSASKALTCY,0
IAGAHKCKPCYGYKTNSCCNSPN,0
LSKYGGQCSLKHNTCTYLKGGRNVIVNCPWFWNKKRCKSDRHHCEYDEHHRRVDCQTPV,0
GLLEALAELLEGLRKRLRKFRNKIKEK,0
GLLEALAELLEGRKKRRQRRRPPQ,0
KKRKAPKKKRKFA,0
KKFFRAWWARRFLK,0
GLPVCGETCVGGTCNTPGCTCSWWPVCTRN,0
ALQGAKERAHQQ,0
RSGRARDDFRAWATK,0
RSGRARRRFRAWATK,0
CLGENVPCDKDRPNCCSRYECLEPTGYGWWYASYYCYKKRS,0
KYTGKCYKKKNECK,0
KYTGKCKTKKNKCK,0
GKWMKLLKKILK,0
CEKPSKFFSGPCIGSSGKTQCAYLCRRGEGLQDGNCKGLKCVCAC,0
VDCSGACSPFEVPPCGSRDCRCIPIGLVVGFCIYPTG,0
FKKLKKLFSKLWNWKRKKRRQRRR,0
LSVKAFTGIQLRGVCGIEVKARG,0
RQCKAESNTFTGICIAKPPCRQACIREKFTDGHCSKVLRRCLCTKRC,0
AAVALLPAVLLALLAPMPFSTGKRIMLGE,0
AAVALLPAVLLALLAPQLGKKKHRRRPSKKKRHW,0
LTVSPWYGCGQLGKKKHRRRPSKKKRHW,0
LTVSPWYGCGQLGRRRHRRRPSRRRRHW,0
LTVSPWYGCGMPFSTGKRIMLGE,0
LTVSPWYGCGKLAKLAKKLAKLAK,0
AAVALLPAVLLALLAPQLGRRRHRRRPSRRRRHW,0
AAVALLPAVLLALLAPQLGKKILAARPSKKKRHW,0
LEHGSCVTTMAKDKPTL,0
GQGKAHNGRLITANP,0
HLNKRVQRLLIRWLRWLK,0
GIWKKWIKKVVNVLKNLF,0
GVIKAAKKVVKVLKKLF,0
GIWKKWIKKWLNVLKNLF,0
GIWKKWIKKWLKKLKNLF,0
ALFGILKKAFGKILTIFAGLPGVV,0
GLGDFIKAIAKHLGPLIGILPSKLKVAA,0
GLKDPLKSVAKHLVK,0
GLVMLVKKAGLT,0
IIFGVIKALSG,0
FLGPTIGKIAKFILKHIVGLGDAALV,0
GIVTILKGAVGVILGGL,0
KWKFFKKIERVGQNIRDGIIKAGPAVQVVGQAATIYKGK,0
RWKVFKKIERMGQHIRDGIIKAGPAVAVVGQASTIISG,0
GLFKIISKLAKKA,0
GLPLFLKKLGSAV,0
GLWGVIKALGGHVG,0
GLLALLGELAEHLGSKI,0
GDGDIMKGIAGH,0
GLPQIISKVVKT,0
GRTSKQELCTWERGSVRQADKTIAG,0
KPCTKLSKGWRGLCAPHKCSSYCIHHEGAYHGRCRGFRRRCYCYYRHCY,0
VWKRWVVRKWKWVKKKVKKK,0
KPPQFTKAQWFAIQHISLNPPKSTIAMKAINNYKWKSKNQNTFLK,0
RPRGMTSSQWFRIQHMQPSPQASNSAMRNINRHTRRSRDLNTFLH,0
YIWARAERVWLWWGKFLSL,0
DLFKQLQRLFLGILYCLYKIW,0
AIKKFGPLAKIVAKV,0
AFLYRLTRQIRPWWRWLYKW,0
RIWGKHSRYIKIVKRLIQ,0
QIWHKIRKLWQIIKDGF,0
PFWRIRIRRPRRIRIRWFP,0
RWKRINRQWFFWQRNIRKWR,0
PFWRRRIRIRRRRIRIRRRWFP,0
FWQRRIRRWRRFWQRRIRRWRR,0
WWRRWWRRWRRWWRRWWR,0
SRSELRVHQRLF,0
SRSELKVHQRLF,0
KAAKKAWKAWKKAAKAWKKAA,0
KWWKKAAKAAKKAAKAAKKWA,0
KAWKKAWKAAKKAWKAAKKAA,0
AAKKWAKAKKWAKAKKWAKAA,0
LKVLLYEEFKLLESLIMEILEYQKDSDIKENAEDTK,0
AASFNKAMTNIVDAFTGVNDAITQTSQALQTVATALNKIQDVVNQQGNSLNHLTSQ,0
VVEQYNQTILNLTSEISTLENKSAELNYTVQKLQTLIDNINSTLVDLKWL,0
ANKFNQALGAMQTGFTTTNEAFRKVQDAVNNNAQALSKLASE,0
AASFNKAINNIVASFSSVNDAITQTAEAIHTVTIALNKIQDVVNQQGSALNHLTSQ,0
DLTPFNLTYLNLSSELKQLEAKTASLFQTTVELQGLIDQINSTYVDLKLL,0
ANAFNNALDAIQEGFDATNSALVKIQAVVNADAEALNNLLQQ,0
SLDYINVTFLDLQDEMNRLQEAIKVLNQSYINLKDI,0
SLDYINVTFLDLQDEMKKLEEAIKKLEQSYINLKDI,0
GPNFAEISKINTTLLDLSDEMAMLQEVVKQLNDSYI,0
EISKINTTLLDLSDEMAMLQEVVKQLNDSYIDLKEL,0
LDLSDEMAMLQEVVKQLNDSYIDLKELGNYTYYNKW,0
MWKTPTLKYFGGFNFSQIL,0
PLDVFNATYLKLTGEIADLEQRSESLRNTTEELQSLIYNINNTLVDLEWLNRVET,0
GLLSVLGSVAKHVLPHVVPVIAKLH,0
GLLKVLGSVAKKVLPKVVPVIAEKL,0
EEQAKTFLDKFNHEAEDLFYQSSLASWNYNTNITEE,0
EEQAKTFLDKFNHEAEDLFYQSSGLGKGDFR,0
LKLFEVYLILWLA,0
VSFAIKWEYVLLLFLL,0
WEEWDKKIEEYTKKIEELIKKSQNQQSDLD,0
EEQKTQLKNKIEIDWTKMELEQDWSKIYKEI,0
GELDELVYLLDGPGYDPIHSRQIKIWFQNRRMKWKK,0
AKGSRAIWFMWLGARFLE,0
KREKKLGEFGKAKGSRAI,0
WVLNNPHMKDKTTVKEWR,0
IWQYVCNFFVICFNVLKA,0
LWEWIMRQVRMVMSRLRA,0
ILELLYKFRDNIKSSVRE,0
RIQQIEQKIHHIEQRIQQIEQLLQLTVWGIKQLQARIL,0
RIQQIEQKIHHIEQRIQQIEQRISGIVQQQNNLLRAIEAQQHLLQLTVWGIKQLQARIL,0
CWVRLLRYLLRRLKTLFT,0
CWVRLGRYILRRIKTPFT,0
KWVRLGRKLLRRLKKPFK,0
EWVRLGRELLRRLKEPFE,0
QGSWFGCTWMNSTGF,0
FGCTWMNSTGFTKTC,0
LHQNIVDVQYMYGLS,0
MTWEEWDKKIEEYTKKIEELIKKSDCAWHLGELVWCT,0
FNATYLNLTGEIDDLEFRSEKLHNTTVELAILIDNINNTLVNLEWLNRIE,0
WEEWDKKIEEYTKKIEELIKKSQNQQEKN,0
FWFTLIKTQAKQPARYRRFC,0
MAILGDTAWDFGSLGGVFTSIGKALHQVFGAIY,0
CKIPFEIMDLEKRHV,0
VEPGQLKLNWFKK,0
SEETKENEGFTVTAEGK,0
KKLVAASQAALGL,0
GLEEELQFSLGSKINVK,0
STLGKAFSTTLKGAQRLAALGDTAWDFG,0
AALGDTAWDFGSIGGVFNSIGRAVHQVFGGAFRTL,0
AWDFGSVGGVFNSLGKGIHQIFGAAFKSL,0
YTSLIREILVESRIQQEKNERELRDIDKWASLWNWF,0
YTSLIHSIIEESRNRQEKNEQALLELDKWASLWNWF,0
YTSLIRSIIEESRNQQEKNEQKLLEVDKWASLWNWF,0
YTSLLRSLIEESRNLQEKNEQALLEVDKWASLWNWF,0
YTSLIWKVLNDAREQQENNQETLVEIDKWASLWNWF,0
YTSLIREIMNKSWGQQRRNEGTLAEIDKWASLWNWF,0
YTSLIRELISNARTQQTDNEESLRNVDKWASLWNWF,0
YTSLIWSIIIDGREQQRDNEGVLADLDKWASLWNWF,0
LWGEIWNTVKGLI,0
LWGHIWNFVHGLI,0
LWHHIWNTVHHLI,0
LWHHIWHTVHHLI,0
LKAALTAAKTALTAALTALKAALTAAKT,0
LAAALTAKATALTAKLTALAAALTAKAT,0
LAAKLTKAAKLTAALTKLAAALTAAAT,0
EMTWEEWEKKIEEYTKKIEEILKKSQNQQIDL,0
WMEWDREINNYTSLIHSLIEESQNQQEKNEQELLGSGC,0
FKLPLGIKITNFRAILTAFL,0
QYGSFCAQLNRALSGIAVEQ,0
GIGVAQNVLYENQKQIANQF,0
ANQFNSAIGKIQDSLSSTASALGKLQDVVNQNAQALNTLVKQ,0
HGLASTLTRWAHYNALIRAFGGGKKKK,0
FYEIIMDIEQNNVQGKKGIQQLQKWEDWVGWIGNI,0
INNYTSLIEELIKKSEEQQKKNEEELKKLEK,0
VRYLEANIEELLKKAEEQQKKNEEELKKLEK,0
VEELEKKIEELLKKAEEQQKKNEEELKKLEK,0
EMTWEEWEKKIEEYTKKIEEILKKSEEQQKKNEEELKKLEK,0
SCVSQSTGQIQCKVFDSLLNLSSTLQAT,0
TDVSTAIHADQLTPAWRIYSTG,0
MTWETWEREIENYTRQIYRILEESQEQQDRNERDLLE,0
EMTWEEWEKKVEELEKKIEELLK,0
CCFLNITNSHVSILQERPPLENRVLTGWGL,0
AWDFGSLGGVFTSIGKALHQVFGAIYGAA,0
AWDFGSVGGVLNSLGKMVHQIFGSAYTAL,0
AWDFGSIGGVFTSVGKLVHQVFGTAYGVL,0
AWDFGSLGGVFTSIGKALHQVFGGAFGAA,0
AWDFGSVGGVFTSVGKAVHQVFGGAFRSL,0
AWDFGSVGGVFTSVGKAVHQVFGWWWRSL,0
RYIYLSGTDRIIRAKLGK,0
ITRYLDKILRILRKYLKA,0
DDESSKPCCDQCACTKSNPPQCRCSDMRLNSCHSACKSCICALSYPAQCFCVDITDFCYEPCKPSEDDKEN,0
GLFDVIKKVASVIGPLGIAGQGGD,0
GLKDWWNKHKDKIVKVVKEMGKAGINAAGK,0
FQWQRNIRKVRPRVKRINRQWQF,0
PFWRIRIRRPFWRIRIRR,0
PWRIRIRRRRIRIRWPPWRIRIRR,0
RRWFWRRRRWFWRR,0
LVKRFKKFFRKLKKSVLL,0
VKRFKKFFLKLKSV,0
VKRFKLFFRKLKSV,0
FLFKLIKHAIKGLIKAFK,0
MTWCDWRDEIERYTKKIEELIRAAQEKNEAALKEL,0
LLCLDGTRKPVTEAQSCHLAVAPNHAVVSR,0
KIFKKFKTIIKKVWRIFGRF,0
RVFKKFHPIYHRVWRLWGHL,0
HIIKKIRTWYRKAWHVLGKV,0
KLYKKFRHILKKVWHYVGKI,0
KYIRHLKTWFKKVFKLIGEV,0
RLIKRLKTFVRKTWKWVGHF,0
RFLKHFKTVYKRYWKVLGRL,0
KLIHRLKTVFKKVWHFLGHL,0
HRIRQLKTTIKKFWEIWPKI,0
QVFKKFRPFYRRPWELFGKL,0
TLYKKFRHFLKKPWHVVGKI,0
KIFKKFKDWFKKAFHVLGKV,0
RLIKRIKTWYRKAWKVVGKF,0
HLIHRLHTYWHKPWHYLGKL,0
QVVKKIRTWYHKAWHVLGKV,0
QLIHKIRTWYRKAWHVLGKV,0
HLLKKWRTWLRKAWHIVGKV,0
QVLKKVRTWYRKAFHVIGKV,0
QLLKKVRTWYRKAWHLYGKV,0
QLIKKLRTWYRKAWHVLGKL,0
QIIKKVRTWIKKAWHLIGKI,0
QYLRRVRTWLRRAWHILGKV,0
QLLKKIRTWYRKAWHVYGKV,0
QIYKKYRTWYRKAWKVLGKV,0
FLWIKLGKLAGAVLKLILGLKKVV,0
KWVKKVHNWLRRWIKVFEALFG,0
AWLKRIKKFLKALFWVWVW,0
DGRCLLIIKLAKLAKKLAKLAK,0
KKYKAYFKFKCKK,0
RRYRAYFRFRCRR,0
KIGKVLLVKGIKKIGKVL,0
KIGKFLLFKGIKKIGKFL,0
KIGKWLLWKGIKKIGKWL,0
RIGRFLLFRGIRRIGRFL,0
RIGRWLLWRGIRRIGRWL,0
DEDLEELERLYRKAEEVAKEAKDASRRGDDERAKEQMERAMRLFDQVFELAQELQEKQTDGNRQKATHLDKAVKEAADELYQRVR,0
ELEEQVMHVLDQVSELAHELLHKLTGEELERAAYFNWWATEMMLELIKSDDEREIREIEEEARRILEHLEELARK,0
DKEWILQKIYEIMRLLDELGHAEASMRVSDLIYEFMKKGDERLLEEAERLLEEVER,0
NDDELHMLMTDLVYEALHFAKDEEIKKRVFQLFELADKAYKNNDRQKLEKVVEELKELLERLLS,0
NGAICWGPCPTAFRQIGNCGRFRVRCCRIR,0
DSHAKRAHGYKR,0
DSHAKRAAGYKR,0
SLTQINTTLLDLTYEMLSLQQVVKALNESYIDLKELGSGSGC,0
SLDQINVTFLDLEYEMKKLEEAIKKLEESYIDLKELGSGSGC,0
GARELRRLERELRRLEGGGGGGGKLAALKFKLLWLKLAC,0
GARELRRLERELRRLEKGGGGGGKLAALTFEHYWAQLTSC,0
KWCFKVCYKGICYKKCKG,0
KWCSRVCYRGICSRRCRG,0
KWCFRVCYSGICYSRCSG,0
KWCFRVCYRGFCYRRCRK,0
FLPVIAGIAANVLPKLFCKLTKRC,0
GIMDSIKGAAKEIAGHLLDNLKCKITGC,0
RRWCYRKCYKGYCYRKCR,0
GYPICGESCVGGICNIPGCSCSWPVCTTN,0
GLPVCGETCFTGSCYTPGCSCNWPVCNRN,0
GTLPCGESCVWIPCISSVVGCACKSKVCYKD,0
ATCENLANTYRGPCFGGCDFHCKTKEHLLSGRCRDDFRCWCTRNC,0
RIIDLLWRVWRPWWPKFVTVWVR,0
VNWKKILGKIKKVVK,0
VNFKKLLGKLLKVVK,0
VNWRRILGRIIRVVR,0
NKWKKILGKIIKVVK,0
VNWKKVLAKIIKVVK,0
GFGMALRLLRRVL,0
GIVEQCCASVCSLYQLENYCN,0
YPIKPEAPREDASPEELNRYYASLRHYLNLVTRQRY,0
GILDSFKDVAKGVATHLLNMAKCKMTGC,0
KKALAHALKKWLPALKKLAHALAKK,0
KKALAKALKHWLPALHKLAKALAKK,0
KKALKHALAKWLPALKALAHKLAKK,0
PAWRKAFRWAWRMLKKAA,0
PAWHHAFHWAWRMLKKAA,0
PAWRKAFRWAWHMLHHAA,0
PAWRHAFHWAWHMLHKAA,0
GLFAVIHKVASVIGGL,0
GLFAVIKHVASVIGGL,0
SSSKEENRIIPGGI,0
RWRSFFKKAAHRGKHVGKRARTHYL,0
SWSSFFKKAAHSGKHVGKSASTHYL,0
KRLFKELLFSLRKY,0
PICTRNGLPVCGETCFGGTCNTPGCTCTW,0
PICKRNGLPVCGETCTLGTCYTQGCTCSW,0
MSGIVEAISNAVKSGLDHDWVNMGTSIADVVAKGADFIAGFFS,0
MSDFVNAISEAVKAGLSADWVTMGTSIADALAKGADFILGFFN,0
MDFIIDIIKKIVGLFTGK,0
KNWKKIAGMAKKLLKKNWKLM,0
KNWKGIAGMAKKLLGKNWELMEK,0
GWKDWFRKAKKVGKTVGGLALNHYL,0
GIRKWFKKAAHVGKEVGKVALNACL,0
GLKKWFKKAVHVGKKVGKVALNAYL,0
GWRKWIKKATHVGKHIGKAALDAYI,0
GCKKWFKKAAHVGKNVGKVALNAYL,0
LGRVDIHVWDAVYIRGR,0
VDIHVWDGVVDIHVWDGV,0
CVDIHVWDGVC,0
KRLFKKLLKFSLRKY,0
FSPQMLQDIIEAATAIL,0
MWKWFHNVLSSWQLLADKRPARDYNRK,0
MRKWFHNVLSSGQLLADKWPAWDYNWK,0
MWKEFHNVLSSGQLLADKRWARWYNRW,0
MWKWFHNVLSSGQLLADKWWAWWYNWW,0
RIRTWKSLVKHHM,0
APKEWMEWDREINNYTSLIHSLIKQGI,0
APKEWMAWAREIAAYAKLIAALIKQGI,0
AEAASQVTNTATIM,0
AEAMSQVANTATIM,0
YKLFKKILKVL,0
WNSLAIDNLDV,0
WNSLKIDNLAV,0
WKFALKVDSPDV,0
EAIIRILQQLLFIHFRIGRRRRRRRR,0
EEIIRKLQQLLFIEFRIKRRRRRRRR,0
LQQLLFRRRRRRRR,0
ILPWGWPWWPWRR,0
ILAWKWAWWAWPP,0
RMKQIEDKIEEIESKQKKIENEIARIKKLIEAQQHLLQLTVWGIKQLQARIL,0
RMKQIEDKIEEIESKQKKIENEIARIKKLISGIVQQQNNLLRAIEAQQHLLQLTVWGIKQLQARIL,0
WMEWDRKIEEYTKKIEELIKKSQEQQEKNEKELK,0
EEYTKKIEEYTKKIEEYTKKIEEYTKKIEEYTKKI,0
LPAFCQAIGWGDPITHWS,0
AIGWGDPITHWSHGQNRW,0
PITHWSHGQNRWPLSCPQ,0
HGQNRWPLSCPQYVYGSV,0
SDRDTVVELSEWGVPCAT,0
DTVVELSEWGVPCATCIL,0
RFPFHRCGAGPKLTKDLE,0
LVRRRSELMGRRNPVCPG,0
LQEVDAGNFIPPPRWLLL,0
WVNQLAVLGLPAVDAAVA,0
TRQARRNRRRRWRERQRAAAACYGRKKRRQRRR,0
MPKTRRRPRRSQRKRPPTPWPYGRKKRRQRRR,0
RPRGRRGSRPSGAERRRRRAAAA,0
DDMSVISELICTSPLDFIN,0
RSQKEGLHYTCSSHFPYSQYQFWK,0
RINNIPWSEAMM,0
WDRGNVTLLCDCPNGPWVWVPAFCQAVG,0
WDRGNVTLLSDSPNGPWVWV,0
LSDSPNGPWVWVPAFSQAVG,0
LNWGTPDWDVRNCVGVLWCP,0
PLCVNCWPQVCGDFPWGAVA,0
RMKKLGNHKVSCERNTKRCRKAI,0
WSPQEEDRIIEGGI,0
AKRLLGYKRKFL,0
AQRHHGYKRQFH,0
AKQHHGYKQKFH,0
AQQHHGYKQQFH,0
AKRHHKYKRKFH,0
AKRHHGYHRKFH,0
AKRHHKYHRKFH,0
KYLNFAKWLKGANLAKYANA,0
CNGRCGGKLAKLAKKLAKLAK,0
WLNALLHHGYKRKFH,0
AKRHHGLNCAKGVLA,0
AKRHHGLNCAKFH,0
RTCENLADKYRGPCFSGCDTHCTTKENAVSGRCRGFRRRCWCTKRC,0
QPSVQIQVYQGEREIAAHNK,0
KKKMVLGVFALLSLISGSLKK,0
INVKQIAARLLPPLYSLV,0
LFFLLTVPFWAHYA,0
VFASLPGIIFTRSQKEGL,0
LRCRNEKKRHRAVRLIFTI,0
FFIILLTIDRYLAVV,0
APERASSVYTRSTGEQEI,0
MDYQVSSPIYDINYYTSEPCQKINVK,0
AAAQWDFGNTMC,0
QEFFGLNNCSSSNRLD,0
NCCAPEDIGFCLEGGCLV,0
APEDIGFCLEGGCLVALG,0
FCLEGGCLVALGCTICTD,0
QAGLAVRPGKSAAQLVGE,0
AQLVGELGSLYGPLSVSA,0
AVGIGAMFLGFLGAAGSTMGAAS,0
IRKAHCNISRAKWND,0
LTSDTYFLPVPA,0
SEPHLPFPVLPH,0
SLHWPVSHPPPP,0
SNFASITTPRPH,0
SPYPMALFPLHN,0
SPYPSWSTPAGR,0
TMTPPPTSVRGT,0
TPLPTIRGDTGT,0
WPTNPTTVPVPS,0
YPAPIKVLLPNS,0
YPLPHPMWSMLP,0
AGHNKVGSLQYLALA,0
ALAALITPKKIKPPL,0
CEYQAGHNKVGSLQY,0
DCFSESAIRKAILGH,0
DLADQLIHLYYFDCF,0
KGACDYPEWQWLCAA,0
KKIKPPLPSVTKLTE,0
KVGSLQYLALAALIT,0
LGQGVSIEWRKKRYS,0
LQYLALAALITPKKI,0
LTEDRWNKPQKTKGH,0
LYYFDCFSESAIRKA,0
PPLPSVTKLTEDRWN,0
QLIHLYYFDCFSESA,0
RKAILGHIVSPRCEY,0
RWNKPQKTKGHRGSH,0
RYSTQVDPDLADQLI,0
SVTKLTEDRWNKPQK,0
VSPRCEYQAGHNKVG,0
WQVMIVWQVDRMRIR,0
SLEQIWNNMTWMQWDK,0
KGACELLGWEWAWLCAA,0
DGFIHVQGHLQEVDAGNF,0
FHRCGAGPKLTKDLEAVP,0
IHVQGHLQEVDAGNFIPP,0
KKGACEARHREWAWLCAA,0
LVKCPTPAIEPPTGTFGF,0
PAIEPPTGTFGFFPGVPP,0
QGHLQEVDAGNFIPPPRW,0
YEPLVRRRSELMGRRNPV,0
PPLNNCLLLGTEVSEALGGAGLTGG,0
MTLTVQARQLLSQIVQQQNNLLRAIEAQ,0
VHEAEASCASRCKGHCRARRCGYYVSVLYRGRCYCKCLRCSSEHSMKFPENEGSSPSDMMPQMNENENTEFGQDMPTGETEQGETGI,0
CGESCVWIPCISSAIGCSCKSKVCYRNGIP,0
CGESCVWIPCISSAVGCSCKNKVCYKNGTP,0
CGESCVWIPCLTSAVGCSCKSKVCYRNGIP,0
CGESCVWIPCTITALAGCKCKSKVCYNSIP,0
GGKKLFKKILKYL,0
ILGKLLSTAWGLLSKL,0
WRGALKLLFYAT,0
HQTLSGIDQEQNNLTRLIEAQIHELQK,0
GGVKRFKKFFRKLKKSV,0
KVKVKVKVPPTKVKVKVK,0
ACFPWGKEYCGGK,0
ACFPWGNQWCGGK,0
ACFPWGNTWCGGK,0
CGESCVFIPCVTALLGCSCKSKVCYKNSIP,0
CGESCVYIPCISGVIGCSCTDKVCYLNGTP,0
CRFPNITNSHVPILQERPPLENRVLTGWGL,0
GIIKKIIIKKIIIKKIIIKKI,0
KKKFPWWWPFKKKCKKKFPWWWPFKKKC,0
PAARKAARWAWRMLKKGA,0
PAWAKAFRAAARMKLKAA,0
PAWFKARRWAWRMKKLAA,0
PAWRKAFRWAWRMKKLAA,0
PAWRKARRWARRMKKLAA,0
RRKKLAALPLVLAAPLAVLA,0
TRSSRAGLQWPVGRVHRLLRKGGC,0
