Sequence,Activity
KYYGNGVHCTKSGCSVNWGEAASAGIHRLANGGNGFW,1
MTPFWRGVSLRPIGASCRDDSECITRLCRKRRCSLSVAQE,1
LVNQLGISKSLANTILGAIAVGNLASWVLALVPGPGWATKAALATAETIVKHEGKAAAIAW,1
GLVSSIGRALGGLLADVVKSKGQPA,1
GIFSKLAGKKLKNLLISGLKNVGKEVGMDVVRTGIDIAGCKIKGEC,1
AERVGAGAPVYL,1
QGCKGPYTRPILRPYVRPVVSYNACTLSCRGITTTQARSCCTRLGRCCHVAKGYS,1
LAGYTGIASGTAKKVVDAIDKGAAAFVIISIISTVISAGALGAVSASADFIILTVKNYISRNLKAQAVIW,1
QNNICKTTSKHFKGLCFADSKCRKVCIQEDKFEDGHCSKLQRKCLCTKNC,1
NGVYCNKQKCWVDWSRARSEIIDRGVKAYVNGFTKVLGGIGGR,1
GLLDTIKNMALNAAKSAGVSVLNTLSCKLSKTC,1
AGRGKQGGKVRAKAKTRSSRAGLQFPVGRVHRLLRKGNY,1
CAWYNISCRLGNKGAYCTLTVECMPSCN,1
GLFGRLRDSLQRGGQKILEKAERIWCKIKDIFR,1
INLKAIAALAKKLL,1
ITSISLCTPGCKTGALMGCNMKTATCHCSIHVSK,1
KYYGNGVSCNKNGCTVDWSKAIGIIGNNAAANLTTGGAAGWNKG,1
SLGPAIKATRQVCPKATRFVTVSCKKSDCQ,1
GLPVCGETCFGGTCNTPGCSCSSWPICTRN,1
GEILCNLCTGLINTLENLLTTKGADKVKDYISSLCNKASGFIATLCTKVLDFGIDKLIQLIEDKVDANAICAKIHAC,1
WNPFKELERAGQRVRDAIISAGPAVATVGQAAAIARG,1
RPRCWIKIKFRCKSLKF,1
GWLRKIGKKIERVGQHTRDATIQVLGIAQQAANVAATAR,1
ATCYCRTGRCATRESLSGVCEISGRLYRLCCR,1
FALGAVTKRLPSLFCLITRKC,1
GILDTLKNLAKTAGKGALQGLVKMASCKLSGQC,1
RWKVFKKIEKVGRNIRDGVIKAGPAIAVVGQAKAL,1
CRFCCRCCPRMRGCGLCCRF,1
RTCENLADKYRGPCFSGCDTHCTTKENAVSGRCRDDFRCWCTKRC,1
GLLSGILGAGKHIICGLSGLC,1
IFNSIYHRKCVVKNRCETVSGHKTCKDLTCCRAVIFRHERPEVCRPST,1
DSHAKRHHGYKRKFHEKHHSHRGYRSNYLYDN,1
LLPNLLKSLL,1
GIHDILKYGKPS,1
IIGAIAAALPHVINAIKNTF,1
KSCCPNTTGRNIYNTCRFGGGSREVCARISGCKIISASTCPSDYPK,1
QGVRNFVTCRINRGFCVPIRCPGHRRQIGTCLAPQIKCCR,1
RWKFFKKIERVGQNVRDGLIKAGPAIQVLGAAKAL,1
HSSGYTRPLRKPSRPIFIRPIGCDVCYGIPSSTARLCCFRYGDCCHL,1
GLRSKIWLWVLLMIWQESNKFKKM,1
DSHAKRHHGYKRKFHEKHHSHRGYR,1
NPVSCVRNKGICVPIRCPGSMKQIGTCVGRAVKCCRKK,1
DTLACRQSHGSCSFVACRAPSVDIGTCRGGKLKCCKWAPSS,1
WLNALLHHGLNCAKGVLA,1
GLMDTVKNVAKNLAGHMLDKLKCKITGC,1
DHYNCVSSGGQCLYSACPIFTKIQGTCYRGKAKCCK,1
RNCESLSHRFKGPCTRDSN,1
GTLPCESCVWIPCISSVVGCSCKSKVCYKN,1
VIPFVASVAAEMQHVYCAASRKC,1
TCSYTMEA,1
GLNTLKKVFQGLHEAIKLINNHVQ,1
RRWCFRVCYRGFCYRKCR,1
YSSGYTRPLPKPSRPIFIRPIGCDVCYGIPSSTARLCCFRYGDCCHR,1
FLIGMTHGLICLISRKC,1
GFFAFIPKIISSPLFKTLLSAVGSALSSSGEQE,1
HFLGGTLVNLAKKIL,1
GIKCRFCCGCCTPGICGVCCRF,1
SALVGCWTKSYPPNPCFGRG,1
WKSESVCTPGCVTGLLQTCFLQTITCNCKISK,1
GGLKKLGKKLEGVGKRVFKASEKALPVAVGIKALGK,1
VGECVRGRCPSGMCCSQFGYCGKGPKYCG,1
GSQLVYREWVGHSNVIKP,1
GILGNIVGMGKKVVCGLSGLC,1
KGGSGVIHTISHEVIYNSWNFVFTCCS,1
SWASMAKKLKEYMEKLKQRA,1
QGVRNHVTCRIYGGFCVPIRCPGRTRQIGTCFGRPVKCCRRW,1
RECKTESNTFPGICITKPPCRKACISEKFTDGHCSKILRRCLCTKPC,1
GLISGILGVGKMLVCGLSGLC,1
SGFVLKGYTKTSQ,1
VCGETCFGGTCNTPGCSCTWPICTRDGLP,1
GILDSFKGVAKGVAKDLAGKLLDKLKCKITGC,1
GLFSVVTGVLKAVGKNVAKNVGGSLLEQLKCKISGGC,1
VNWKKILGKIIKVAK,1
SLFSLIKAGAKFLGKNLLKQGAQYAACKVSKEC,1
GLLDTFKNLALNAAKSAGVSVLNSLSCKLSKTC,1
GFSSIFRGVAKFASKGLGKDLARLGVNLVACKISKQC,1
LTCEIDRSLCLLHCRLKGYLRAYCSQQKVCRCVQ,1
KSCCPNTTGRNIYNTCRLGGGSRERCASLSGCKIISASTCPSDYPK,1
DAEFRHDSGYEVHHQKLVFFAEDVGSNKGAIIGLMVGGVV,1
SWLSKTAKKLENSAKKRISEGIAIAIQGGPR,1
GLLGVLGSVAKHVLPHVVPVIAEHL,1
RYHMQCGYRGTFCTPGKCPYGNAYLGLCRPKYSCCRWL,1
RLGNFFRKAKKKIGRGLKKIGQKIKDFLGNLVPRTES,1
GWLKKIGKKIERVGQHTRDATIQTIAVAQQAANVAATAR,1
FLPIIAGAAAKVVQKIFCAISKKC,1
GFGCNGPWDEDDMQCHNHCKSIKGYKGGYCAKGGFVCKCY,1
GICACRRRFCPNSERFSGYCRVNGARYVRCCSRR,1
IIGLVSKGTCVLVKTVCKKVLKQG,1
GIKDWIKGAAKKLIKTVASNIANQ,1
GAILCNLCKDTVKLVENLLTVDGAQAVRQYIDNLCGKASGFLGTLCEKILSFGVDELVKLIENHVDPVVVCEKIHAC,1
LLSLALAALPKLFCLIFKKC,1
FLPVIAGVAAKFLPKIFCAITKKC,1
GLLSKVLGVGKKVLCGVSGLC,1
GVLDILKGAAKDLAGHVATKVINKI,1
QKLCERSSGTWSGVCGNNNACKNQCINLEGARHGSCNYIFPYHRCICYFPC,1
KNYGNGVHCTKKGCSVDWGYAWANIANNSVMNGLTGGNAGWHN,1
NILNTIINLAKKIL,1
TCVGGTCNTPGCSCSWPVCTRNGLPICGE,1
QGVRSYLSCWGNRGICLLNRCPGRMRQIGTCLAPRVKCCR,1
RKSKEKIGKEFKRIVQRIKDFLRNLVPRTES,1
YVSCLFRGARCRVYSGRSCCFGYYCRRDFPGSIFGTCSRRNF,1
